ticket_id,text,label,channel,priority,created_at
T0001,刚查话费时发现流量超出后产生的费用太高了，之前没有注意到。,费用问题,web,medium,2026-03-12
T0002,这几天又出现这种情况：投诉过去一周仍然查不到进展。我需要正式反馈。,投诉建议,phone,medium,2026-03-02
T0003,麻烦尽快查一下，宣传内容和工作人员口头承诺不一致，请告知后续处理时限。,投诉建议,phone,high,2026-01-10
T0004,在视频通话时，进入楼里后手机信号就消失。,信号问题,phone,high,2026-07-24
T0005,麻烦帮我看看，地铁换乘区域的信号特别差，是否需要重新设置网络？,信号问题,web,medium,2026-01-31
T0006,地下通道里短信也收不到，老人使用起来很不方便。,信号问题,web,high,2026-04-17
T0007,刚刚发现手机显示满格信号但网络特别慢，换到室外后才稍微好一些。,信号问题,app,high,2026-01-04
T0008,在 App 的账单页面看到套餐活动价没有出现在本月账单中。,费用问题,app,high,2026-06-11
T0009,想取消下个月自动续费的流量包，我不确定当前号码是否符合办理资格。,套餐业务,phone,low,2026-07-23
T0010,我在宿舍经常遇到这种情况：手机显示满格信号但网络特别慢。,信号问题,web,high,2026-03-27
T0011,营业员介绍的优惠没有体现在账单里，过去几个月的账户记录一直比较正常。,费用问题,phone,high,2026-07-01
T0012,从刚才开始，这个问题一直没有明确结果：营业厅叫号顺序看起来很混乱。,投诉建议,store,low,2026-04-27
T0013,流量超出后产生的费用太高了，请核实支付记录和系统入账情况。,费用问题,app,medium,2026-07-21
T0014,最近连续出现这种情况：充值时银行卡出现了重复扣款。,费用问题,phone,medium,2026-01-02
T0015,从这两天开始，这个问题一直没有明确结果：故障工单显示处理中，实际没有任何反馈。,投诉建议,phone,high,2026-05-06
T0016,最近总是出现这种情况：双卡手机里只有这张卡没有信号。,信号问题,web,high,2026-04-08
T0017,请帮我核实，普通上网正常，游戏却总是断线，大概多久能修复？,网络故障,app,low,2026-02-19
T0018,一个简单的退订流程办了好几天，相关工单已经提交不止一次。,投诉建议,phone,medium,2026-05-30
T0019,需要办理一个更大流量的月套餐，请帮我确认当前状态或可选方案。,套餐业务,phone,medium,2026-03-29
T0020,关于这个号码，我有以下需求：现在的套餐太贵了，想降档。需要准备什么材料？,套餐业务,store,medium,2026-02-02
T0021,想在本月结束前处理以下需求：希望把当前套餐调整到低价档位。,套餐业务,app,medium,2026-06-06
T0022,今天早上又出现这种情况：预约维修时间已经过了却没人来。我需要正式反馈。,投诉建议,app,medium,2026-01-17
T0023,最近一周在商场里发现每天晚上网络都会明显变慢。,网络故障,app,medium,2026-01-24
T0024,实际使用量和账单上的超额流量对不上，我看不出问题具体出在哪个环节。,费用问题,phone,medium,2026-04-13
T0025,平时消费差不多，这个月却扣得特别多，类似记录已经出现不止一次。,费用问题,app,high,2026-06-20
T0026,之前短暂恢复过，但现在又出现同样的问题：办公室所在园区的信号覆盖很差。,信号问题,web,medium,2026-02-20
T0027,最近连续出现这种情况：没有确认过订阅却连续产生费用。,费用问题,app,medium,2026-05-23
T0028,视频看到一半网络就会掉，我不确定是线路、路由器还是账号的问题。,网络故障,phone,high,2026-01-06
T0029,我已经完成充值但网络没有恢复，一天内已经出现好几次。,网络故障,phone,high,2026-07-17
T0030,从从昨天开始开始就出现以下情况：地铁换乘区域的信号特别差。,信号问题,web,high,2026-05-25
T0031,今天下午语音通话总是一卡一卡的，请给我一个明确答复。,信号问题,phone,high,2026-01-20
T0032,套餐活动价没有出现在本月账单中，系统也没有给出清晰提示。,费用问题,web,high,2026-05-27
T0033,最近多次出现以下问题：问题被多个客服重复登记却没人负责。,投诉建议,app,medium,2026-04-06
T0034,从今天下午开始，这个问题一直没有明确结果：服务规则修改后没有说明具体变化。,投诉建议,web,medium,2026-04-27
T0035,我在办公室遇到这个问题：Wi-Fi 有信号却不能使用任何应用。,网络故障,web,high,2026-01-18
T0036,这两天连接无线网后一直提示网络不可用，希望今天能处理好。,网络故障,web,high,2026-02-03
T0037,之前短暂恢复过，但现在又出现同样的问题：双卡手机里只有这张卡没有信号。,信号问题,web,medium,2026-06-30
T0038,我在家里经常遇到这种情况：更换新手机后信号变得很差。,信号问题,phone,high,2026-02-07
T0039,想咨询一下，新开通的宽带账号无法联网，希望彻底解决，不要反复发生。,网络故障,phone,medium,2026-07-10
T0040,请确认以下服务问题产生的原因：希望 App 能直接取消不需要的业务。,投诉建议,web,low,2026-07-07
T0041,想问一下，之前提交的投诉一直没有回复，不希望问题被简单关闭。,投诉建议,web,medium,2026-01-30
T0042,信号图标正常但消息发送不出去，请提供具体排查方法或处理进度。,信号问题,app,medium,2026-05-19
T0043,最近反复出现这种情况：视频看到一半网络就会掉。,网络故障,app,medium,2026-05-06
T0044,在使用相关服务时，我注意到以下问题：App 经常闪退，希望尽快修复。,投诉建议,phone,low,2026-03-14
T0045,最近连续出现这种情况：承诺的折扣没有按约定生效。,费用问题,phone,medium,2026-01-20
T0046,最近多次出现以下问题：连续催了几次报修仍然没有进展。,投诉建议,phone,high,2026-02-26
T0047,刚刚发现室内移动网络基本无法使用，换到室外后才稍微好一些。,信号问题,phone,high,2026-06-01
T0048,在看视频时，Wi-Fi 图标正常，网页还是打不开。,网络故障,app,medium,2026-03-09
T0049,我目前使用的是原来的月套餐，现在有以下需求：有没有可以多人共享的家庭套餐。,套餐业务,web,low,2026-01-16
T0050,刚刚发现刚补交欠费，宽带仍然不能使用，之前使用一直正常。,网络故障,app,medium,2026-07-02
T0051,信号看起来很好，网页却一直加载，重启手机并开关飞行模式后仍然没有改善。,信号问题,web,medium,2026-03-09
T0052,工作人员只介绍优惠，没有说明合约限制，希望尽快安排专人处理。,投诉建议,web,medium,2026-01-20
T0053,从这几天开始就出现以下情况：费用扣款成功后宽带还是无法连接。,网络故障,web,medium,2026-02-10
T0054,刚刚再次遇到退订业务需要重复提交很多材料，之前也发生过类似情况。,投诉建议,store,medium,2026-04-12
T0055,最近 5G 覆盖明显变差，老人使用起来很不方便。,信号问题,app,medium,2026-02-25
T0056,昨晚查看账户时发现暂停服务后账单金额没有减少。,费用问题,web,medium,2026-04-26
T0057,退订业务需要重复提交很多材料，目前没有人明确负责处理。,投诉建议,web,medium,2026-02-07
T0058,请帮忙处理一下，账单只显示总额，没有具体项目，需要我提供支付凭证吗？,费用问题,app,medium,2026-06-14
T0059,刚买的流量包没有到账，想了解具体资费和生效时间。,套餐业务,phone,low,2026-03-24
T0060,月租费用在同一天重复收取，请核实支付记录和系统入账情况。,费用问题,app,medium,2026-01-29
T0061,想咨询一下，账单里出现了没办理过的增值业务，需要我提供支付凭证吗？,费用问题,store,high,2026-03-19
T0062,之前短暂恢复过，但现在又出现同样的问题：新 SIM 卡插入后总是显示无服务。,信号问题,phone,medium,2026-04-16
T0063,从昨天开始只有公司系统无法通过当前网络访问，希望尽快给出解决方案。,网络故障,web,low,2026-04-01
T0064,刚刚再次遇到账单页面层级太深，很难找到明细，之前也发生过类似情况。,投诉建议,phone,medium,2026-05-25
T0065,关于以下需求，我之前咨询或提交过申请，但还没有处理完成：回国后想关闭境外漫游功能。,套餐业务,web,low,2026-05-09
T0066,所有设备都无法访问网络，视频会议一直进行不下去。,网络故障,phone,high,2026-03-01
T0067,请确认以下费用或账务问题的原因：停机状态下增值业务还在扣钱。,费用问题,store,medium,2026-01-18
T0068,请确认以下服务问题产生的原因：退订业务需要重复提交很多材料。,投诉建议,web,high,2026-04-19
T0069,我想确认一下，到郊区后手机长期处于无服务状态。,信号问题,phone,high,2026-04-18
T0070,想咨询一下，下载速度只有以前的一小部分，大概多久能修复？,网络故障,app,high,2026-04-08
T0071,请帮我确认以下网络问题的原因：我已经完成充值但网络没有恢复。,网络故障,app,medium,2026-05-03
T0072,想重新分配套餐里的流量和通话额度，请告知办理步骤和注意事项。,套餐业务,app,medium,2026-04-06
T0073,刚交的话费到现在还没到账，请帮我核对相关账单或支付记录。,费用问题,web,high,2026-07-23
T0074,想咨询校园套餐包含哪些内容，会不会影响现有优惠？,套餐业务,app,medium,2026-05-29
T0075,服务规则修改后没有说明具体变化，已经影响正常办理和使用。,投诉建议,app,low,2026-04-02
T0076,每次咨询都让我重新描述同一个问题，请给出合理解释和改进措施。,投诉建议,app,high,2026-05-05
T0077,请帮忙处理一下，新 SIM 卡插入后总是显示无服务，是否需要重新设置网络？,信号问题,app,medium,2026-07-06
T0078,在使用相关服务时，我注意到以下问题：取消增值服务后系统仍显示生效。,投诉建议,phone,medium,2026-06-18
T0079,刚超了一点流量就被扣了很多钱，如果记录有误，请及时更正或退款。,费用问题,web,medium,2026-06-19
T0080,想问一下，每次咨询都让我重新描述同一个问题，请告知后续处理时限。,投诉建议,app,high,2026-05-01
T0081,周末开始在家里发现新手机连接 Wi-Fi 后无法访问网络。,网络故障,phone,low,2026-05-17
T0082,账单只显示总额，没有具体项目，我看不出问题具体出在哪个环节。,费用问题,web,low,2026-02-02
T0083,麻烦尽快查一下，家里其他设备正常，只有平板无法联网，大概多久能修复？,网络故障,phone,medium,2026-01-20
T0084,活动现场手机一直显示网络拥堵，请提供具体排查方法或处理进度。,信号问题,phone,high,2026-07-14
T0085,麻烦尽快查一下，号码停机期间仍然收取了月租。,费用问题,phone,medium,2026-04-12
T0086,办理页面显示免月租，实际却收了费用，如果记录有误，请及时更正或退款。,费用问题,phone,medium,2026-04-29
T0087,使用电视盒子时出现以下信号问题：进入地铁站后手机完全没有信号。,信号问题,web,medium,2026-07-14
T0088,请帮忙处理一下，缴费成功后系统还是显示停机，大概多久能修复？,网络故障,phone,high,2026-03-01
T0089,请帮忙处理一下，账户余额无缘无故少了很多，需要我提供支付凭证吗？,费用问题,web,medium,2026-02-06
T0090,这两天又出现这种情况：建议增加套餐费用的对比功能。我需要正式反馈。,投诉建议,web,low,2026-06-15
T0091,套餐变更成功后内容仍显示旧版本，这项操作通常什么时候生效？,套餐业务,phone,high,2026-07-17
T0092,麻烦帮我看看，Wi-Fi 有信号却不能使用任何应用，希望彻底解决，不要反复发生。,网络故障,phone,high,2026-07-19
T0093,我核对近期消费记录时发现套餐活动价没有出现在本月账单中。,费用问题,store,high,2026-06-24
T0094,有个问题想反馈，现在的套餐流量太少，想改高一档。,套餐业务,app,medium,2026-01-21
T0095,今天早上又出现这种情况：每次转人工都要等待很久。我需要正式反馈。,投诉建议,app,high,2026-06-19
T0096,请帮忙处理一下，在家里需要走到窗边才能接电话，希望优化这一带的信号覆盖。,信号问题,app,medium,2026-06-27
T0097,我目前使用的是原来的月套餐，现在有以下需求：想了解夜间流量包的使用时间。,套餐业务,app,medium,2026-03-22
T0098,白天网络正常，晚上基本无法使用，视频会议一直进行不下去。,网络故障,phone,medium,2026-02-14
T0099,刚查话费时发现出差后账单里出现了高额漫游费，之前没有注意到。,费用问题,app,high,2026-06-19
T0100,我在地铁站附近遇到这个问题：连接状态很不稳定，经常断线。,网络故障,store,medium,2026-06-02
T0101,我通过在线客服反馈以下问题或建议：App 更新后很多常用功能找不到了。,投诉建议,phone,medium,2026-06-15
T0102,刚刚发现换机前信号正常，换机后经常掉线，换到室外后才稍微好一些。,信号问题,phone,high,2026-06-20
T0103,两张卡在同一手机里信号差别很大，同一位置其他人的情况没有这么严重。,信号问题,web,medium,2026-05-17
T0104,在 App 里没有找到相关入口，我的需求是：想减少每月固定套餐费用。,套餐业务,phone,low,2026-04-03
T0105,这两天我再次反馈以下问题或建议：客服说会安排师傅，但一直没人处理。,投诉建议,web,medium,2026-06-05
T0106,重启手机后才一次收到很多延迟短信，同一位置其他人的情况没有这么严重。,信号问题,app,medium,2026-04-08
T0107,在开视频会议时，线路指示灯没有异常，网页却打不开。,网络故障,phone,medium,2026-04-22
T0108,麻烦尽快查一下，线上缴费完成后号码仍然欠费。,费用问题,phone,medium,2026-04-27
T0109,当前套餐内容和使用习惯不匹配，这项操作通常什么时候生效？,套餐业务,phone,medium,2026-04-30
T0110,漫游套餐已经开通，仍然按原价收费，系统也没有给出清晰提示。,费用问题,app,medium,2026-06-06
T0111,这个号码存在以下费用问题：套餐活动价没有出现在本月账单中。,费用问题,app,medium,2026-05-09
T0112,套餐变更成功后内容仍显示旧版本，是否需要支付额外费用？,套餐业务,store,high,2026-07-05
T0113,想咨询一下，最近接电话经常没有声音，希望优化这一带的信号覆盖。,信号问题,store,medium,2026-01-31
T0114,刚交的话费到现在还没到账，希望提供完整明细和处理结果。,费用问题,phone,medium,2026-07-11
T0115,我核对近期消费记录时发现长期没有使用的号码还在持续扣款。,费用问题,app,high,2026-02-05
T0116,回国后想关闭境外漫游功能，请帮我确认当前状态或可选方案。,套餐业务,store,medium,2026-05-16
T0117,Wi-Fi 图标正常，网页还是打不开，我重新连接网络并重启设备后仍然无效。,网络故障,store,medium,2026-06-13
T0118,上网过程中频繁掉线，家里几个人都没法正常使用。,网络故障,web,high,2026-07-22
T0119,地铁换乘区域的信号特别差，请提供具体排查方法或处理进度。,信号问题,phone,high,2026-02-06
T0120,想了解套餐能否直接注销，会不会影响现有优惠？,套餐业务,store,medium,2026-03-30
T0121,网络连接总是反复中断，我重新连接网络并重启设备后仍然无效。,网络故障,phone,high,2026-07-07
T0122,线路指示灯没有异常，网页却打不开，重启路由器后还是没有改善。,网络故障,app,high,2026-01-08
T0123,从这两天开始，这个问题一直没有明确结果：办理时说可以随时取消，实际却不允许。,投诉建议,app,high,2026-03-13
T0124,前天晚上晚间高峰期网页很难打开，希望今天能处理好。,网络故障,phone,medium,2026-03-20
T0125,办理页面显示免月租，实际却收了费用，我看不出问题具体出在哪个环节。,费用问题,app,medium,2026-07-18
T0126,同一订单支付一次却扣了两笔钱，过去几个月的账户记录一直比较正常。,费用问题,web,medium,2026-02-13
T0127,请帮我核实，想把通话分钟换成更多流量。,套餐业务,store,low,2026-02-24
T0128,账单里有一大笔套餐外流量费，类似记录已经出现不止一次。,费用问题,phone,medium,2026-07-09
T0129,想办理学生优惠流量套餐，请问应该在哪里办理或查询？,套餐业务,phone,medium,2026-06-29
T0130,麻烦尽快查一下，晚间高峰期网页很难打开，大概多久能修复？,网络故障,phone,high,2026-05-09
T0131,使用手机时出现以下信号问题：通话过程中经常突然中断。,信号问题,web,medium,2026-06-10
T0132,套餐到期后自动续约却未提前通知，请给出合理解释和改进措施。,投诉建议,web,low,2026-05-04
T0133,使用电脑时出现以下信号问题：同一栋楼里信号一直很弱。,信号问题,app,high,2026-04-12
T0134,使用路由器连接网络时出现以下情况：大部分应用正常，网课平台一直打不开。,网络故障,app,medium,2026-03-01
T0135,这个号码存在以下费用问题：没有确认过订阅却连续产生费用。,费用问题,store,high,2026-06-13
T0136,最近连续出现这种情况：这期账单金额比上个月多了几十元。,费用问题,phone,medium,2026-05-16
T0137,刚刚发现Wi-Fi 有信号却不能使用任何应用，之前使用一直正常。,网络故障,web,high,2026-02-22
T0138,关于以下需求，我之前咨询或提交过申请，但还没有处理完成：想停止当前的月租套餐。,套餐业务,web,low,2026-04-15
T0139,副卡每个月需要额外收多少费用，线上和营业厅都可以办理吗？,套餐业务,web,low,2026-03-19
T0140,想把原来的副卡更换成另一个号码，我不确定当前号码是否符合办理资格。,套餐业务,app,low,2026-04-05
T0141,想在本月结束前处理以下需求：需要查询当前套餐还能办几张副卡。,套餐业务,app,low,2026-02-08
T0142,切换数据卡后该号码无法联网，请提供具体排查方法或处理进度。,信号问题,phone,medium,2026-05-07
T0143,没有打电话也没用流量，余额却下降了，过去几个月的账户记录一直比较正常。,费用问题,phone,medium,2026-06-21
T0144,在 App 里没有找到相关入口，我的需求是：想了解不同国家的漫游套餐价格。,套餐业务,web,medium,2026-03-10
T0145,请帮我确认以下网络问题的原因：只有公司系统无法通过当前网络访问。,网络故障,phone,medium,2026-05-03
T0146,关于以下需求，我之前咨询或提交过申请，但还没有处理完成：想知道号码是否还在最低消费期。,套餐业务,app,low,2026-06-07
T0147,我在学校经常遇到这种情况：中午休息时间网络速度明显下降。,信号问题,app,medium,2026-02-02
T0148,之前处理后短暂恢复，但现在又出现同样的问题：无线网能搜到但完全不能上网。,网络故障,phone,medium,2026-06-17
T0149,我目前使用的是原来的月套餐，现在有以下需求：准备换运营方式，想先退掉现有套餐。,套餐业务,phone,low,2026-02-14
T0150,刚才在商场里发现宽带移机完成后一直认证失败。,网络故障,phone,medium,2026-02-08
T0151,从昨晚开始，这个问题一直没有明确结果：这个片区居民很多，建议增加服务柜台。,投诉建议,phone,medium,2026-01-07
T0152,活动现场手机一直显示网络拥堵，把手机卡放到另一台设备上测试也差不多。,信号问题,app,high,2026-01-10
T0153,只有支付软件提示网络异常，我重新连接网络并重启设备后仍然无效。,网络故障,app,medium,2026-03-19
T0154,之前联系过客服，但以下问题还没有解决：实际使用量和账单上的超额流量对不上。,费用问题,store,medium,2026-07-02
T0155,在外地打电话产生的费用看不懂，我看不出问题具体出在哪个环节。,费用问题,web,high,2026-07-02
T0156,周末开始在学校发现双卡手机里只有这张卡没有信号。,信号问题,app,high,2026-07-19
T0157,我想确认一下，5G 信号频繁在有和没有之间切换，希望优化这一带的信号覆盖。,信号问题,app,medium,2026-05-18
T0158,有个问题想反馈，充值时银行卡出现了重复扣款，需要我提供支付凭证吗？,费用问题,web,high,2026-04-22
T0159,关于这个号码，我有以下需求：希望更换为流量少但通话多的组合。需要准备什么材料？,套餐业务,app,medium,2026-02-22
T0160,需要一个只生效一周的流量包，请问应该在哪里办理或查询？,套餐业务,web,medium,2026-03-27
T0161,暂停服务后账单金额没有减少，类似记录已经出现不止一次。,费用问题,phone,medium,2026-05-27
T0162,在 App 里没有找到相关入口，我的需求是：有没有可以多人共享的家庭套餐。,套餐业务,app,medium,2026-06-24
T0163,网络延迟很高，基本没法正常使用，我重新连接网络并重启设备后仍然无效。,网络故障,web,high,2026-07-20
T0164,我在宿舍经常遇到这种情况：手机有信号但收不到普通短信。,信号问题,phone,medium,2026-03-28
T0165,麻烦尽快查一下，客服推荐业务时隐瞒了额外费用。,投诉建议,app,medium,2026-05-04
T0166,在打电话时，商场周末人多时移动数据基本瘫痪。,信号问题,phone,high,2026-05-23
T0167,停机状态下增值业务还在扣钱，请帮我核实系统记录是否正确。,费用问题,web,high,2026-01-26
T0168,最近连续出现这种情况：想核对过去三个月的话费明细。,费用问题,web,low,2026-02-10
T0169,关于“登录后经常要求重复验证身份”的问题，请帮我登记投诉或建议。,投诉建议,phone,medium,2026-05-05
T0170,希望更换为不限量或大流量套餐，我不确定当前号码是否符合办理资格。,套餐业务,web,low,2026-05-28
T0171,宽带每隔几分钟就会断一次，重启路由器后还是没有改善。,网络故障,web,medium,2026-06-24
T0172,承诺的折扣没有按约定生效，希望提供完整明细和处理结果。,费用问题,web,medium,2026-03-06
T0173,最近连续出现这种情况：旅行回来后账单多出多笔境外费用。,费用问题,app,high,2026-02-09
T0174,昨晚在办公室发现这个商场里很多位置都收不到信号。,信号问题,web,high,2026-06-30
T0175,账单显示已支付，宽带仍提示欠费，重启路由器后还是没有改善。,网络故障,web,medium,2026-07-13
T0176,最近反复出现这种情况：线路改造后家里的网络彻底断了。,网络故障,store,high,2026-02-18
T0177,前天晚上在地铁站附近发现手机显示已连接 Wi-Fi 但上不了网。,网络故障,app,medium,2026-01-29
T0178,麻烦帮我看看，普通上网正常，游戏却总是断线，希望彻底解决，不要反复发生。,网络故障,phone,medium,2026-04-13
T0179,关于“工单状态发生变化但系统没有通知”的问题，请帮我登记投诉或建议。,投诉建议,phone,medium,2026-05-29
T0180,请确认以下费用或账务问题的原因：平时消费差不多，这个月却扣得特别多。,费用问题,phone,medium,2026-06-23
T0181,从这两天开始就出现以下情况：办公室内只能收到一格信号。,信号问题,app,medium,2026-05-22
T0182,账单页面层级太深，很难找到明细，目前没有人明确负责处理。,投诉建议,phone,medium,2026-04-04
T0183,账单里每一项费用的含义不清楚，请帮我核对相关账单或支付记录。,费用问题,web,medium,2026-01-07
T0184,刚才我再次反馈以下问题或建议：建议改善新建小区的网络覆盖。,投诉建议,app,medium,2026-06-05
T0185,路由器重启后状态正常，网络仍未恢复，请提供具体原因和排查办法。,网络故障,phone,medium,2026-05-02
T0186,我想确认一下，想取消现在使用的套餐，请给出明确的办理建议或处理结果。,套餐业务,phone,low,2026-01-26
T0187,刚刚发现每天晚上网络都会明显变慢，之前使用一直正常。,网络故障,web,high,2026-02-12
T0188,关于这个号码，我有以下需求：副卡突然不能使用主卡流量。需要准备什么材料？,套餐业务,phone,medium,2026-05-28
T0189,我核对近期消费记录时发现一个月内同项业务重复计费。,费用问题,phone,medium,2026-07-13
T0190,之前联系过客服，但以下问题还没有解决：月结账单出现了异常增长。,费用问题,app,high,2026-05-28
T0191,请确认以下费用或账务问题的原因：银行卡已经扣款但话费余额没更新。,费用问题,web,high,2026-01-30
T0192,今天下午5G 信号频繁在有和没有之间切换，能不能帮我恢复正常。,信号问题,phone,medium,2026-01-18
T0193,上门维修人员态度很不耐烦，相关工单已经提交不止一次。,投诉建议,app,medium,2026-06-26
T0194,希望把当前套餐调整到低价档位，线上和营业厅都可以办理吗？,套餐业务,store,medium,2026-07-23
T0195,最近接电话经常没有声音，请提供具体排查方法或处理进度。,信号问题,web,high,2026-04-05
T0196,我通过客服电话反馈以下问题或建议：套餐到期后自动续约却未提前通知。,投诉建议,app,medium,2026-03-09
T0197,本月应付金额和过去几个月差别很大，我看不出问题具体出在哪个环节。,费用问题,app,high,2026-05-04
T0198,光猫和路由器看起来正常，还是上不了网，我不确定是线路、路由器还是账号的问题。,网络故障,app,high,2026-07-12
T0199,最近总是出现这种情况：进入楼里后手机信号就消失。,信号问题,app,high,2026-02-22
T0200,我在家里遇到这个问题：夜里看视频总是卡住。,网络故障,web,high,2026-04-26
T0201,之前处理后短暂恢复，但现在又出现同样的问题：宽带移机完成后一直认证失败。,网络故障,app,medium,2026-01-10
T0202,这张卡插到卡槽二后经常掉信号，重启手机并开关飞行模式后仍然没有改善。,信号问题,store,high,2026-02-24
T0203,想保留号码但降低每个月的支出，这项操作通常什么时候生效？,套餐业务,app,low,2026-04-04
T0204,从昨天开始查看账户时发现刚查余额发现比昨天少了一笔。,费用问题,web,medium,2026-01-17
T0205,发票金额和实际支付金额不一致，过去几个月的账户记录一直比较正常。,费用问题,phone,low,2026-07-16
T0206,想查询当前套餐什么时候到期，想了解具体资费和生效时间。,套餐业务,web,low,2026-04-12
T0207,在使用相关服务时，我注意到以下问题：宣传内容和工作人员口头承诺不一致。,投诉建议,web,high,2026-04-14
T0208,续费完成几个小时了网络还没开通，同一网络之前一直可以正常使用。,网络故障,phone,medium,2026-07-12
T0209,之前得到过处理承诺，但以下问题仍未解决：希望小区周边增设信号基站。,投诉建议,app,medium,2026-01-11
T0210,想咨询一下，希望小区周边增设信号基站，请告知后续处理时限。,投诉建议,web,low,2026-07-13
T0211,套餐标价是固定金额，实际每月都多扣钱，请帮我核实系统记录是否正确。,费用问题,phone,high,2026-07-17
T0212,主卡流量能不能共享给家人的号码，请告知办理步骤和注意事项。,套餐业务,web,low,2026-02-18
T0213,维修结束后现场没有整理干净，希望尽快安排专人处理。,投诉建议,app,high,2026-02-12
T0214,想增加套餐内的国内流量，请问应该在哪里办理或查询？,套餐业务,store,low,2026-03-24
T0215,这个号码存在以下费用问题：这期账单金额比上个月多了几十元。,费用问题,phone,high,2026-04-29
T0216,主卡信号很好，副卡却一直只有一格，我不确定是手机卡、设备还是基站的问题。,信号问题,phone,high,2026-03-02
T0217,套餐到期后是否会自动续约，是否需要支付额外费用？,套餐业务,web,medium,2026-04-25
T0218,月租费用在同一天重复收取，我看不出问题具体出在哪个环节。,费用问题,phone,high,2026-05-31
T0219,路由器重启后状态正常，网络仍未恢复，已经影响正常使用。,网络故障,app,high,2026-06-18
T0220,最近反复出现这种情况：线路指示灯没有异常，网页却打不开。,网络故障,app,high,2026-04-21
T0221,关于“取消增值服务后系统仍显示生效”的问题，请帮我登记投诉或建议。,投诉建议,store,high,2026-04-18
T0222,使用手机连接网络时出现以下情况：最近家里的网明显比以前慢很多。,网络故障,app,medium,2026-05-21
T0223,账户里的一部分金额突然不见了，麻烦说明原因和处理方式。,费用问题,phone,medium,2026-02-17
T0224,这几天查看账户时发现营业员介绍的优惠没有体现在账单里。,费用问题,app,medium,2026-07-18
T0225,从今天早上开始就出现以下情况：家里其他设备正常，只有平板无法联网。,网络故障,web,medium,2026-02-21
T0226,想临时开通几天的国际数据服务，请问应该在哪里办理或查询？,套餐业务,app,low,2026-01-05
T0227,之前处理后短暂恢复，但现在又出现同样的问题：同一网络下有的设备能用有的不能用。,网络故障,app,low,2026-04-26
T0228,手机显示已连接 Wi-Fi 但上不了网，同一网络之前一直可以正常使用。,网络故障,app,medium,2026-04-02
T0229,我在出差住的酒店遇到这个问题：只有公司系统无法通过当前网络访问。,网络故障,web,medium,2026-04-25
T0230,最近使用需求发生了变化，因此本月应该降档，账单却还是原套餐。,套餐业务,app,medium,2026-01-23
T0231,套餐变更成功后内容仍显示旧版本，请帮我确认当前状态或可选方案。,套餐业务,phone,medium,2026-06-02
T0232,开启 5G 后仍然一直显示 4G，请提供具体排查方法或处理进度。,信号问题,phone,medium,2026-04-27
T0233,在使用相关服务时，我注意到以下问题：客服承诺回电却一直没有联系。,投诉建议,web,high,2026-02-14
T0234,账单里出现了没办理过的增值业务，如果记录有误，请及时更正或退款。,费用问题,phone,medium,2026-03-09
T0235,关于这个号码，我有以下需求：出发前需要办理境外流量套餐。需要准备什么材料？,套餐业务,web,medium,2026-03-18
T0236,验证码短信经常很久才收到，重启手机并开关飞行模式后仍然没有改善。,信号问题,store,high,2026-04-21
T0237,从这几天开始就出现以下情况：线路改造后家里的网络彻底断了。,网络故障,app,high,2026-01-24
T0238,路由器后台显示连接成功但无法联网，我重新连接网络并重启设备后仍然无效。,网络故障,phone,high,2026-03-25
T0239,最近连续出现这种情况：已经办理停机保号却继续产生套餐费。,费用问题,app,high,2026-01-13
T0240,使用备用手机时出现以下信号问题：新手机已经设置完成但移动网络不可用。,信号问题,app,medium,2026-06-16
T0241,有个问题想反馈，景区内几乎无法使用移动数据，是否需要重新设置网络？,信号问题,phone,high,2026-01-31
T0242,最近反复出现这种情况：文件上传速度慢得几乎不动。,网络故障,phone,high,2026-05-05
T0243,需要一个适合经常看视频的套餐，请告知办理步骤和注意事项。,套餐业务,phone,low,2026-03-20
T0244,之前联系过客服，但以下问题还没有解决：账户里的一部分金额突然不见了。,费用问题,store,high,2026-04-09
T0245,刚查话费时发现账单显示购买了我从未使用的业务，之前没有注意到。,费用问题,app,high,2026-01-20
T0246,最近总是出现这种情况：别人发来的短信会延迟几个小时。,信号问题,app,medium,2026-01-14
T0247,最近总是出现这种情况：刚补卡完成就收不到短信和电话。,信号问题,web,medium,2026-03-20
T0248,刚刚发现人多的时候信号会突然变得很差，换到室外后才稍微好一些。,信号问题,app,medium,2026-04-17
T0249,之前短暂恢复过，但现在又出现同样的问题：手机很少能连接到 5G 网络。,信号问题,app,high,2026-03-04
T0250,麻烦帮我看看，没有新增业务但话费突然变高。,费用问题,store,high,2026-07-20
T0251,普通上网正常，游戏却总是断线，视频会议一直进行不下去。,网络故障,phone,medium,2026-07-04
T0252,最近使用需求发生了变化，因此想临时开通几天的国际数据服务。,套餐业务,phone,medium,2026-01-15
T0253,当前套餐内容和使用习惯不匹配，请帮我确认当前状态或可选方案。,套餐业务,web,medium,2026-05-26
T0254,网络延迟很高，基本没法正常使用，请提供具体原因和排查办法。,网络故障,web,high,2026-02-22
T0255,账户里的一部分金额突然不见了，请核实支付记录和系统入账情况。,费用问题,app,medium,2026-03-11
T0256,请帮忙处理一下，地下通道里短信也收不到，希望优化这一带的信号覆盖。,信号问题,store,medium,2026-01-16
T0257,请帮我确认以下网络问题的原因：最近家里的网明显比以前慢很多。,网络故障,store,medium,2026-05-09
T0258,之前处理后短暂恢复，但现在又出现同样的问题：系统显示网络已连接但实际没有网。,网络故障,app,high,2026-01-07
T0259,想把原来的副卡更换成另一个号码，是否需要支付额外费用？,套餐业务,web,medium,2026-03-03
T0260,准备出国，想开通国际漫游，办理后原有权益会怎么变化？,套餐业务,phone,low,2026-02-23
T0261,请帮我核实，Wi-Fi 一会儿能用一会儿不能用，大概多久能修复？,网络故障,app,high,2026-01-15
T0262,更换新手机后信号变得很差，我不确定是手机卡、设备还是基站的问题。,信号问题,phone,medium,2026-04-09
T0263,请确认以下费用或账务问题的原因：漫游套餐已经开通，仍然按原价收费。,费用问题,app,medium,2026-07-16
T0264,备用卡正常使用，常用卡却收不到网络，把手机卡放到另一台设备上测试也差不多。,信号问题,app,high,2026-03-11
T0265,请确认以下服务问题产生的原因：办理时说可以随时取消，实际却不允许。,投诉建议,web,medium,2026-05-24
T0266,关于“预约维修时间已经过了却没人来”的问题，请帮我登记投诉或建议。,投诉建议,web,high,2026-03-08
T0267,最近多次出现以下问题：工单状态发生变化但系统没有通知。,投诉建议,store,medium,2026-04-07
T0268,最近多次出现以下问题：被告知免费体验，后来却开始扣费。,投诉建议,web,high,2026-07-10
T0269,小区门口经常没有移动网络，请提供具体排查方法或处理进度。,信号问题,phone,high,2026-05-30
T0270,不想继续使用这项套餐服务，请帮我确认当前状态或可选方案。,套餐业务,app,medium,2026-01-11
T0271,在接收验证码时，银行验证码一直无法接收。,信号问题,web,medium,2026-04-15
T0272,请帮我核实，出差后账单里出现了高额漫游费，需要我提供支付凭证吗？,费用问题,phone,medium,2026-06-14
T0273,我目前使用的是原来的月套餐，现在有以下需求：想查询当前号码是否支持国际漫游。,套餐业务,store,medium,2026-01-28
T0274,想增加套餐内的国内流量，想了解具体资费和生效时间。,套餐业务,app,low,2026-06-10
T0275,想了解不同国家的漫游套餐价格，我不确定当前号码是否符合办理资格。,套餐业务,web,medium,2026-04-09
T0276,每次转人工都要等待很久，已经影响正常办理和使用。,投诉建议,web,high,2026-04-10
T0277,有个问题想反馈，客服电话把我转接了很多次仍没解决，不希望问题被简单关闭。,投诉建议,phone,high,2026-01-02
T0278,维修人员迟到后也没有解释，请给出合理解释和改进措施。,投诉建议,web,high,2026-02-22
T0279,想在本月结束前处理以下需求：想知道号码是否还在最低消费期。,套餐业务,app,medium,2026-03-05
T0280,今天早上又出现这种情况：附近没有营业厅，办理业务很不方便。我需要正式反馈。,投诉建议,web,medium,2026-05-12
T0281,我目前使用的是原来的月套餐，现在有以下需求：想把原来的副卡更换成另一个号码。,套餐业务,web,low,2026-06-03
T0282,打开网页要等很久，我不确定是线路、路由器还是账号的问题。,网络故障,app,medium,2026-05-26
T0283,刚刚再次遇到打了几次电话都没有人能给出答复，之前也发生过类似情况。,投诉建议,web,medium,2026-07-10
T0284,在看视频时，网络经常自动断开后又恢复。,网络故障,web,high,2026-05-09
T0285,想取消下个月自动续费的流量包，请说明办理条件和相关限制。,套餐业务,store,low,2026-01-30
T0286,请确认以下需求需要满足哪些条件：不想继续使用这项套餐服务。,套餐业务,app,medium,2026-02-05
T0287,刚才在家里发现网页能打开但视频软件一直连接失败。,网络故障,app,medium,2026-05-22
T0288,想保留号码但降低每个月的支出，请说明办理条件和相关限制。,套餐业务,phone,medium,2026-05-10
T0289,最近反复出现这种情况：同一网络下有的设备能用有的不能用。,网络故障,web,low,2026-05-28
T0290,刚查话费时发现套餐活动价没有出现在本月账单中，之前没有注意到。,费用问题,app,high,2026-04-26
T0291,同一订单支付一次却扣了两笔钱，希望提供完整明细和处理结果。,费用问题,app,high,2026-07-19
T0292,在地下室移动网络一直不可用，我不确定是手机卡、设备还是基站的问题。,信号问题,app,high,2026-03-05
T0293,请帮忙处理一下，宽带一天内已经掉线很多次。,网络故障,web,high,2026-01-24
T0294,请帮我确认以下信号问题的原因：在地下室移动网络一直不可用。,信号问题,store,high,2026-03-24
T0295,想咨询一下，套餐里的语音太多，流量却不够，请给出明确的办理建议或处理结果。,套餐业务,app,low,2026-06-21
T0296,营业厅和客服都说只能找对方处理，我已经沟通过几次但仍未解决。,投诉建议,app,high,2026-06-22
T0297,最近多次出现以下问题：营业厅排队时间太长了。,投诉建议,web,medium,2026-02-05
T0298,从刚才开始就出现以下情况：最近接电话经常没有声音。,信号问题,app,high,2026-03-14
T0299,在玩游戏时，续费完成几个小时了网络还没开通。,网络故障,app,medium,2026-07-12
T0300,刚刚发现小区门口经常没有移动网络，换到室外后才稍微好一些。,信号问题,app,high,2026-02-21
T0301,有没有适合老人使用的基础套餐，请帮我确认当前状态或可选方案。,套餐业务,app,low,2026-06-29
T0302,使用电视盒子时出现以下信号问题：信号看起来很好，网页却一直加载。,信号问题,web,medium,2026-02-28
T0303,准备出国，想开通国际漫游，请告知办理步骤和注意事项。,套餐业务,phone,medium,2026-01-26
T0304,这几天我再次反馈以下问题或建议：营业厅和客服都说只能找对方处理。,投诉建议,app,medium,2026-07-01
T0305,之前短暂恢复过，但现在又出现同样的问题：同一栋楼里信号一直很弱。,信号问题,phone,high,2026-02-17
T0306,刚刚再次遇到客服承诺回电却一直没有联系，之前也发生过类似情况。,投诉建议,phone,medium,2026-02-11
T0307,线路改造后家里的网络彻底断了，我不确定是线路、路由器还是账号的问题。,网络故障,web,high,2026-06-19
T0308,需要查询某一天产生的具体费用，请核实支付记录和系统入账情况。,费用问题,app,low,2026-02-21
T0309,无线连接没有报错，网络却完全不通，工作和学习都受到了影响。,网络故障,phone,high,2026-01-19
T0310,在乘坐地铁时，同一个位置连续几次都无法正常通话。,信号问题,app,high,2026-07-21
T0311,线路改造后家里的网络彻底断了，同一网络之前一直可以正常使用。,网络故障,web,medium,2026-03-01
T0312,想咨询一下，需要查询当前套餐还能办几张副卡。,套餐业务,web,low,2026-06-07
T0313,商场地下层没有手机信号，重启手机并开关飞行模式后仍然没有改善。,信号问题,app,high,2026-01-09
T0314,麻烦尽快查一下，办理业务后没有提供完整的确认信息，请告知后续处理时限。,投诉建议,phone,low,2026-03-30
T0315,新套餐生效日期和办理时说的不一致，请问应该在哪里办理或查询？,套餐业务,web,medium,2026-06-04
T0316,之前联系过客服，但以下问题还没有解决：充值订单完成了，账户还是原来的余额。,费用问题,app,high,2026-01-18
T0317,新手机已经设置完成但移动网络不可用，同一位置其他人的情况没有这么严重。,信号问题,app,high,2026-01-03
T0318,我在地铁站附近经常遇到这种情况：家附近几条街的网络都不稳定。,信号问题,store,high,2026-04-28
T0319,请帮我核实，电视盒子突然无法使用网络，手机却正常，希望彻底解决，不要反复发生。,网络故障,phone,low,2026-04-30
T0320,手机显示满格信号但网络特别慢，同一位置其他人的情况没有这么严重。,信号问题,app,high,2026-04-05
T0321,周末开始银行验证码一直无法接收，能不能帮我恢复正常。,信号问题,app,high,2026-04-26
T0322,想问一下，看视频一直缓冲。,网络故障,phone,high,2026-07-20
T0323,最近反复出现这种情况：同一条宽带到了晚上速度就下降很多。,网络故障,phone,high,2026-02-01
T0324,刚刚再次遇到建议改善新建小区的网络覆盖，之前也发生过类似情况。,投诉建议,phone,medium,2026-04-15
T0325,最近多次出现以下问题：一个简单的退订流程办了好几天。,投诉建议,app,medium,2026-02-04
T0326,麻烦帮我看看，搬家迁网完成了但新住处不能使用，大概多久能修复？,网络故障,web,medium,2026-07-17
T0327,上门维修人员态度很不耐烦，已经影响正常办理和使用。,投诉建议,app,high,2026-06-23
T0328,扣费前没有发送清晰的提醒短信，相关工单已经提交不止一次。,投诉建议,app,low,2026-02-08
T0329,需要一个只生效一周的流量包，是否需要支付额外费用？,套餐业务,phone,medium,2026-05-17
T0330,白天网络正常，晚上基本无法使用，同一网络之前一直可以正常使用。,网络故障,phone,high,2026-05-30
T0331,最近多次出现以下问题：希望在大学城增加自助服务设备。,投诉建议,app,low,2026-03-22
T0332,这个号码存在以下费用问题：本月因为超流量多扣了不少费用。,费用问题,app,medium,2026-01-05
T0333,在使用相关服务时，我注意到以下问题：周末营业厅人很多却没有增加人员。,投诉建议,app,medium,2026-04-29
T0334,昨晚我再次反馈以下问题或建议：自助设备坏了，所有人只能排人工窗口。,投诉建议,store,low,2026-04-13
T0335,在上网课时，文件上传速度慢得几乎不动。,网络故障,app,medium,2026-02-16
T0336,信号强度正常，数据网络却几乎不能用，一天内已经影响了多次通话或上网。,信号问题,web,high,2026-01-18
T0337,账单里每一项费用的含义不清楚，希望提供完整明细和处理结果。,费用问题,app,low,2026-05-13
T0338,麻烦尽快查一下，在线客服入口不明显，使用起来不方便，不希望问题被简单关闭。,投诉建议,phone,medium,2026-01-10
T0339,我目前使用的是原来的月套餐，现在有以下需求：需要查看优惠合约的结束日期。,套餐业务,app,low,2026-01-10
T0340,语音通话总是一卡一卡的，一天内已经影响了多次通话或上网。,信号问题,app,high,2026-06-17
T0341,大部分应用正常，网课平台一直打不开，重启路由器后还是没有改善。,网络故障,phone,medium,2026-02-26
T0342,想在本月结束前处理以下需求：有没有可以多人共享的家庭套餐。,套餐业务,app,medium,2026-05-01
T0343,刚刚再次遇到停机前的提醒时间太短，之前也发生过类似情况。,投诉建议,app,medium,2026-06-17
T0344,刚才在宿舍发现同一位置电话正常但短信一直失败。,信号问题,app,medium,2026-01-30
T0345,我通过客服电话反馈以下问题或建议：工作人员没有经过同意就取消了预约。,投诉建议,app,medium,2026-03-21
T0346,从最近一周开始就出现以下情况：网络连接总是反复中断。,网络故障,phone,medium,2026-03-17
T0347,请帮我确认以下信号问题的原因：最近 5G 覆盖明显变差。,信号问题,web,medium,2026-04-19
T0348,报修后只收到短信，没有人解决问题，请给出合理解释和改进措施。,投诉建议,app,medium,2026-05-30
T0349,请帮我核实，客服说会安排师傅，但一直没人处理，不希望问题被简单关闭。,投诉建议,app,high,2026-06-25
T0350,最近总是出现这种情况：开启 5G 后仍然一直显示 4G。,信号问题,web,medium,2026-05-16
T0351,使用手机时出现以下信号问题：另一张卡正常，这个号码经常无服务。,信号问题,phone,high,2026-03-13
T0352,之前联系过客服，但以下问题还没有解决：首月优惠结束时间和说明不一致。,费用问题,app,high,2026-01-17
T0353,满格状态下视频仍然不断缓冲，上课和办公都受影响。,信号问题,web,high,2026-02-02
T0354,短信发送成功但对方收不到，我不确定是手机卡、设备还是基站的问题。,信号问题,app,high,2026-05-25
T0355,想咨询一下，不清楚合约期还剩多久，请给出明确的办理建议或处理结果。,套餐业务,app,medium,2026-04-30
T0356,关于以下需求，我之前咨询或提交过申请，但还没有处理完成：平时用得少，想办理便宜一点的套餐。,套餐业务,app,low,2026-06-24
T0357,在 App 的账单页面看到漫游套餐已经开通，仍然按原价收费。,费用问题,app,high,2026-02-19
T0358,麻烦帮我看看，打开网页要等很久，希望彻底解决，不要反复发生。,网络故障,web,high,2026-06-22
T0359,手机很少能连接到 5G 网络，一天内已经影响了多次通话或上网。,信号问题,phone,high,2026-07-22
T0360,办理套餐时被默认勾选了增值服务，我已经沟通过几次但仍未解决。,投诉建议,phone,medium,2026-07-22
T0361,晚高峰期间消息很难发送出去，我不确定是手机卡、设备还是基站的问题。,信号问题,web,medium,2026-03-10
T0362,网络经常自动断开后又恢复，同一网络之前一直可以正常使用。,网络故障,store,medium,2026-04-13
T0363,关于“营业厅排队时间太长了”的问题，请帮我登记投诉或建议。,投诉建议,app,low,2026-03-16
T0364,维修人员拒绝说明具体故障原因，请记录处理过程并反馈最终结果。,投诉建议,phone,medium,2026-02-20
T0365,修改套餐后仍按以前的标准计费，请告知办理步骤和注意事项。,套餐业务,app,high,2026-01-28
T0366,这个号码存在以下费用问题：刚交的话费到现在还没到账。,费用问题,phone,high,2026-05-28
T0367,当前套餐内容和使用习惯不匹配，我不确定当前号码是否符合办理资格。,套餐业务,web,low,2026-02-05
T0368,不清楚合约期还剩多久，请说明办理条件和相关限制。,套餐业务,app,medium,2026-03-26
T0369,关于这个号码，我有以下需求：不想继续使用这项套餐服务。需要准备什么材料？,套餐业务,app,low,2026-06-30
T0370,我通过上门维修服务反馈以下问题或建议：想取消业务却被多个渠道来回推。,投诉建议,web,medium,2026-05-16
T0371,之前得到过处理承诺，但以下问题仍未解决：维修预约变更时间没有告知我。,投诉建议,phone,medium,2026-06-11
T0372,套餐活动价没有出现在本月账单中，类似记录已经出现不止一次。,费用问题,web,high,2026-01-27
T0373,昨晚在家里发现满格状态下视频仍然不断缓冲。,信号问题,web,medium,2026-02-27
T0374,我想确认一下，对方一直听不清我说话，是否需要重新设置网络？,信号问题,app,medium,2026-06-16
T0375,建议在学校附近增加一个营业网点，目前没有人明确负责处理。,投诉建议,web,low,2026-05-22
T0376,麻烦尽快查一下，平时消费差不多，这个月却扣得特别多，需要我提供支付凭证吗？,费用问题,web,medium,2026-04-27
T0377,有个问题想反馈，有没有可以多人共享的家庭套餐，请给出明确的办理建议或处理结果。,套餐业务,store,medium,2026-02-15
T0378,需要查看优惠合约的结束日期，我不确定当前号码是否符合办理资格。,套餐业务,app,medium,2026-06-26
T0379,这几天在出差住的酒店发现我已经完成充值但网络没有恢复。,网络故障,app,medium,2026-01-16
T0380,想问一下，办理简单业务等了一个多小时，不希望问题被简单关闭。,投诉建议,app,low,2026-06-06
T0381,希望 App 能直接取消不需要的业务，相关工单已经提交不止一次。,投诉建议,web,low,2026-02-05
T0382,漫游套餐已经开通，仍然按原价收费，如果记录有误，请及时更正或退款。,费用问题,phone,high,2026-01-12
T0383,关于这个号码，我有以下需求：需要查看优惠合约的结束日期。需要准备什么材料？,套餐业务,app,medium,2026-07-03
T0384,在 App 的账单页面看到没有消费记录但可用余额变少。,费用问题,web,medium,2026-04-13
T0385,我在商场里遇到这个问题：光猫和路由器看起来正常，还是上不了网。,网络故障,app,high,2026-07-17
T0386,使用平板连接网络时出现以下情况：同一网络下有的设备能用有的不能用。,网络故障,app,medium,2026-07-16
T0387,本月应付金额和过去几个月差别很大，请帮我核对相关账单或支付记录。,费用问题,app,high,2026-06-16
T0388,刚刚发现更换套餐后 5G 功能没有正常使用，换到室外后才稍微好一些。,信号问题,app,high,2026-04-09
T0389,同一笔套餐费被扣了两次，麻烦说明原因和处理方式。,费用问题,app,high,2026-02-22
T0390,我通过营业厅反馈以下问题或建议：现场窗口很多但开放的柜台很少。,投诉建议,web,medium,2026-05-27
T0391,想问一下，设备没有报警但宽带不能使用，希望彻底解决，不要反复发生。,网络故障,app,high,2026-06-18
T0392,希望在大学城增加自助服务设备，请给出合理解释和改进措施。,投诉建议,web,medium,2026-07-23
T0393,不想继续使用这项套餐服务，请说明办理条件和相关限制。,套餐业务,store,low,2026-02-27
T0394,我在学校遇到这个问题：宽带一直处于断开状态。,网络故障,phone,high,2026-02-26
T0395,之前处理后短暂恢复，但现在又出现同样的问题：缴费成功后系统还是显示停机。,网络故障,store,high,2026-04-30
T0396,从周末开始开始，这个问题一直没有明确结果：客服电话一直劝我保留套餐不肯办理退订。,投诉建议,web,high,2026-07-07
T0397,营业厅说已经改好，手机端仍未更新，办理后原有权益会怎么变化？,套餐业务,app,high,2026-03-19
T0398,我通过营业厅反馈以下问题或建议：工作人员只介绍优惠，没有说明合约限制。,投诉建议,web,medium,2026-05-10
T0399,这个号码存在以下费用问题：账单只显示总额，没有具体项目。,费用问题,phone,medium,2026-05-22
T0400,在 App 里没有找到相关入口，我的需求是：想把当前套餐换成流量更多的。,套餐业务,app,medium,2026-01-08
T0401,请确认以下需求需要满足哪些条件：本月应该降档，账单却还是原套餐。,套餐业务,phone,high,2026-06-25
T0402,请帮忙处理一下，营业厅排队时间太长了。,投诉建议,phone,medium,2026-05-21
T0403,营业厅等候区信息提示不清楚，已经影响正常办理和使用。,投诉建议,app,medium,2026-03-26
T0404,流量超出后产生的费用太高了，系统也没有给出清晰提示。,费用问题,web,medium,2026-04-02
T0405,本月应该降档，账单却还是原套餐，请说明办理条件和相关限制。,套餐业务,phone,medium,2026-07-09
T0406,从这几天开始，这个问题一直没有明确结果：客服部门之间互相推来推去。,投诉建议,app,high,2026-03-17
T0407,一个简单的退订流程办了好几天，请记录处理过程并反馈最终结果。,投诉建议,phone,high,2026-01-27
T0408,请帮忙处理一下，更换套餐后 5G 功能没有正常使用。,信号问题,web,medium,2026-03-31
T0409,刚才我再次反馈以下问题或建议：App 更新后很多常用功能找不到了。,投诉建议,app,low,2026-05-22
T0410,麻烦帮我看看，同一条宽带到了晚上速度就下降很多，希望彻底解决，不要反复发生。,网络故障,phone,high,2026-03-31
T0411,准备换运营方式，想先退掉现有套餐，这项操作通常什么时候生效？,套餐业务,web,low,2026-06-23
T0412,请帮忙处理一下，建议改善新建小区的网络覆盖，不希望问题被简单关闭。,投诉建议,web,medium,2026-06-23
T0413,麻烦帮我看看，这张卡插到卡槽二后经常掉信号。,信号问题,app,high,2026-02-01
T0414,更换新手机后信号变得很差，把手机卡放到另一台设备上测试也差不多。,信号问题,phone,high,2026-02-16
T0415,之前短暂恢复过，但现在又出现同样的问题：中午休息时间网络速度明显下降。,信号问题,app,high,2026-04-24
T0416,网页能打开但视频软件一直连接失败，同一网络之前一直可以正常使用。,网络故障,store,low,2026-03-06
T0417,需要查看优惠合约的结束日期，办理后原有权益会怎么变化？,套餐业务,app,low,2026-06-17
T0418,想咨询一下，投诉过去一周仍然查不到进展。,投诉建议,phone,medium,2026-04-10
T0419,想办理一个当天有效的流量加油包，办理后原有权益会怎么变化？,套餐业务,app,medium,2026-07-16
T0420,麻烦尽快查一下，通话时有很严重的杂音。,信号问题,store,medium,2026-06-27
T0421,只有支付软件提示网络异常，我不确定是线路、路由器还是账号的问题。,网络故障,web,low,2026-02-08
T0422,从刚才开始就出现以下情况：只有其中一个号码无法正常拨打电话。,信号问题,app,medium,2026-02-08
T0423,从昨晚开始就出现以下情况：看视频一直缓冲。,网络故障,app,high,2026-02-19
T0424,想在本月结束前处理以下需求：希望更换为不限量或大流量套餐。,套餐业务,store,medium,2026-07-07
T0425,我想确认一下，费用扣款成功后宽带还是无法连接，希望彻底解决，不要反复发生。,网络故障,app,medium,2026-02-26
T0426,想在本月结束前处理以下需求：准备换运营方式，想先退掉现有套餐。,套餐业务,web,low,2026-04-24
T0427,在 App 的账单页面看到流量用完后没有提醒就开始收费。,费用问题,web,medium,2026-01-18
T0428,一到夜里宽带就频繁掉线，我不确定是线路、路由器还是账号的问题。,网络故障,app,high,2026-02-11
T0429,当前套餐的承诺期限在哪里查询，会不会影响现有优惠？,套餐业务,app,medium,2026-05-12
T0430,我通过客服电话反馈以下问题或建议：建议在学校附近增加一个营业网点。,投诉建议,app,low,2026-06-10
T0431,想重新分配套餐里的流量和通话额度，请说明办理条件和相关限制。,套餐业务,web,medium,2026-01-26
T0432,境外使用手机后被收了很多流量费，麻烦说明原因和处理方式。,费用问题,app,high,2026-01-20
T0433,想取消一张已经不用的副卡，请问应该在哪里办理或查询？,套餐业务,app,low,2026-03-12
T0434,我没有订购会员却被收了费用，请帮我核对相关账单或支付记录。,费用问题,app,high,2026-06-10
T0435,刚查话费时发现账单中有两条金额相同的收费记录，之前没有注意到。,费用问题,app,medium,2026-07-15
T0436,只是接听电话也出现了漫游费用，请核实支付记录和系统入账情况。,费用问题,store,medium,2026-02-16
T0437,需要给父母办理一个简单的套餐，我不确定当前号码是否符合办理资格。,套餐业务,store,low,2026-07-06
T0438,每次转人工都要等待很久，请记录处理过程并反馈最终结果。,投诉建议,store,medium,2026-04-20
T0439,网络坏了多天，维修人员始终未出现，我已经沟通过几次但仍未解决。,投诉建议,phone,high,2026-02-03
T0440,首月优惠结束时间和说明不一致，请核实支付记录和系统入账情况。,费用问题,phone,high,2026-02-08
T0441,套餐标价是固定金额，实际每月都多扣钱，请帮我核对相关账单或支付记录。,费用问题,web,medium,2026-07-14
T0442,在使用相关服务时，我注意到以下问题：在线客服一直让我联系其他渠道。,投诉建议,web,high,2026-07-05
T0443,准备换运营方式，想先退掉现有套餐，线上和营业厅都可以办理吗？,套餐业务,app,low,2026-05-03
T0444,停机状态下增值业务还在扣钱，我看不出问题具体出在哪个环节。,费用问题,web,medium,2026-03-03
T0445,手机有信号但应用经常提示超时，把手机卡放到另一台设备上测试也差不多。,信号问题,web,high,2026-03-11
T0446,乘坐地铁时经常长时间无服务，把手机卡放到另一台设备上测试也差不多。,信号问题,phone,high,2026-07-08
T0447,有没有可以多人共享的家庭套餐，请说明办理条件和相关限制。,套餐业务,phone,low,2026-05-11
T0448,只有一台电脑始终连不上家里的宽带，请提供具体原因和排查办法。,网络故障,app,low,2026-03-28
T0449,有个问题想反馈，想了解夜间流量包的使用时间。,套餐业务,phone,low,2026-03-27
T0450,我想确认一下，退订业务需要重复提交很多材料，不希望问题被简单关闭。,投诉建议,web,medium,2026-07-12
T0451,我没有订购会员却被收了费用，希望提供完整明细和处理结果。,费用问题,web,medium,2026-04-17
T0452,流量超出后产生的费用太高了，请帮我核实系统记录是否正确。,费用问题,app,medium,2026-04-12
T0453,刚刚再次遇到师傅处理问题很敷衍，故障很快又出现，之前也发生过类似情况。,投诉建议,app,high,2026-01-05
T0454,在浏览网页时，最近连续几晚都会突然断网。,网络故障,app,medium,2026-04-19
T0455,想停止当前的月租套餐，请问应该在哪里办理或查询？,套餐业务,web,low,2026-04-16
T0456,刚刚发现最近短信功能时好时坏，换到室外后才稍微好一些。,信号问题,phone,medium,2026-05-27
T0457,漫游套餐已经开通，仍然按原价收费，希望提供完整明细和处理结果。,费用问题,app,medium,2026-05-12
T0458,无线网能搜到但完全不能上网，我不确定是线路、路由器还是账号的问题。,网络故障,web,high,2026-05-26
T0459,请帮我确认以下网络问题的原因：无线网能搜到但完全不能上网。,网络故障,phone,high,2026-02-11
T0460,扣费前没有发送清晰的提醒短信，希望尽快安排专人处理。,投诉建议,store,low,2026-05-13
T0461,想在本月结束前处理以下需求：想办理一个当天有效的流量加油包。,套餐业务,store,medium,2026-04-25
T0462,进入楼里后手机信号就消失，老人使用起来很不方便。,信号问题,phone,medium,2026-03-31
T0463,使用备用手机连接网络时出现以下情况：Wi-Fi 图标正常，网页还是打不开。,网络故障,app,medium,2026-03-11
T0464,在 App 里没有找到相关入口，我的需求是：副卡每个月需要额外收多少费用。,套餐业务,app,low,2026-05-19
T0465,最近一周查看账户时发现在外地打电话产生的费用看不懂。,费用问题,web,medium,2026-05-30
T0466,在 App 的账单页面看到号码被开通了不清楚的付费业务。,费用问题,app,medium,2026-02-12
T0467,从刚才开始就出现以下情况：网络能用但云盘始终上传失败。,网络故障,phone,low,2026-05-02
T0468,账户余额无缘无故少了很多，我看不出问题具体出在哪个环节。,费用问题,app,medium,2026-02-02
T0469,在上网课时，电脑可以上网，电视却一直显示无网络。,网络故障,web,medium,2026-05-02
T0470,宽带费用已经交了但网络还没恢复，我不确定是线路、路由器还是账号的问题。,网络故障,app,medium,2026-04-10
T0471,请帮我核实，师傅处理问题很敷衍，故障很快又出现，不希望问题被简单关闭。,投诉建议,app,medium,2026-06-19
T0472,请确认以下服务问题产生的原因：办理简单业务等了一个多小时。,投诉建议,app,medium,2026-01-29
T0473,从昨晚开始就出现以下情况：学校附近一大片区域信号都很弱。,信号问题,web,high,2026-04-22
T0474,旅行回来后账单多出多笔境外费用，过去几个月的账户记录一直比较正常。,费用问题,web,high,2026-02-11
T0475,电话接通后几秒就会掉线，重启手机并开关飞行模式后仍然没有改善。,信号问题,web,medium,2026-04-20
T0476,系统显示网络已连接但实际没有网，请提供具体原因和排查办法。,网络故障,web,medium,2026-06-21
T0477,请帮忙处理一下，首月优惠结束时间和说明不一致，需要我提供支付凭证吗？,费用问题,store,high,2026-04-06
T0478,想取消下个月自动续费的流量包，这项操作通常什么时候生效？,套餐业务,web,medium,2026-03-16
T0479,之前得到过处理承诺，但以下问题仍未解决：每次咨询都让我重新描述同一个问题。,投诉建议,phone,medium,2026-02-03
T0480,看视频一直缓冲，工作和学习都受到了影响。,网络故障,web,high,2026-01-25
T0481,麻烦帮我看看，更换卡槽后通话信号明显下降，希望优化这一带的信号覆盖。,信号问题,web,high,2026-03-07
T0482,刚查话费时发现充值订单完成了，账户还是原来的余额，之前没有注意到。,费用问题,web,medium,2026-01-25
T0483,我在出差住的酒店经常遇到这种情况：最近接电话经常没有声音。,信号问题,web,medium,2026-01-17
T0484,希望小区周边增设信号基站，我已经沟通过几次但仍未解决。,投诉建议,store,low,2026-04-02
T0485,所有设备都无法访问网络，一天内已经出现好几次。,网络故障,phone,medium,2026-06-05
T0486,使用备用手机连接网络时出现以下情况：网络经常自动断开后又恢复。,网络故障,phone,high,2026-06-13
T0487,今天下午查看账户时发现账单里同一个流量包出现了两次收费。,费用问题,app,medium,2026-03-29
T0488,麻烦帮我看看，办公室内只能收到一格信号。,信号问题,app,medium,2026-03-31
T0489,银行验证码一直无法接收，把手机卡放到另一台设备上测试也差不多。,信号问题,app,high,2026-01-25
T0490,合约结束后能不能马上办理降档，请告知办理步骤和注意事项。,套餐业务,phone,medium,2026-02-09
T0491,这几天在办公室发现上网过程中频繁掉线。,网络故障,phone,high,2026-06-18
T0492,办理时说可以随时取消，实际却不允许，目前没有人明确负责处理。,投诉建议,app,high,2026-06-29
T0493,今天下午在出差住的酒店发现下载速度只有以前的一小部分。,网络故障,app,medium,2026-02-18
T0494,想咨询一下，准备出国，想开通国际漫游。,套餐业务,web,low,2026-05-16
T0495,最近使用需求发生了变化，因此需要查询当前套餐还能办几张副卡。,套餐业务,app,low,2026-03-18
T0496,使用电视盒子连接网络时出现以下情况：费用扣款成功后宽带还是无法连接。,网络故障,app,medium,2026-06-10
T0497,昨晚看视频一直缓冲，请告诉我应该怎么处理。,网络故障,phone,medium,2026-06-21
T0498,发票金额和实际支付金额不一致，请帮我核实系统记录是否正确。,费用问题,app,medium,2026-05-24
T0499,想咨询一下，客服承诺回电却一直没有联系，请告知后续处理时限。,投诉建议,phone,medium,2026-03-24
T0500,同一个位置连续几次都无法正常通话，老人使用起来很不方便。,信号问题,phone,high,2026-03-25
T0501,我想确认一下，想咨询校园套餐包含哪些内容。,套餐业务,web,low,2026-06-24
T0502,刚刚发现电脑可以上网，电视却一直显示无网络，之前使用一直正常。,网络故障,app,medium,2026-03-21
T0503,之前联系过客服，但以下问题还没有解决：只是接听电话也出现了漫游费用。,费用问题,web,medium,2026-01-22
T0504,刚刚再次遇到自助设备坏了，所有人只能排人工窗口，之前也发生过类似情况。,投诉建议,app,medium,2026-07-09
T0505,这个号码存在以下费用问题：刚查余额发现比昨天少了一笔。,费用问题,phone,medium,2026-06-26
T0506,连接无线网后一直提示网络不可用，重启路由器后还是没有改善。,网络故障,phone,high,2026-02-10
T0507,无线网能搜到但完全不能上网，我重新连接网络并重启设备后仍然无效。,网络故障,phone,high,2026-01-26
T0508,想换成月费更低的套餐，我不确定当前号码是否符合办理资格。,套餐业务,phone,medium,2026-05-30
T0509,请帮我确认以下网络问题的原因：路由器指示灯都正常但没有网络。,网络故障,app,high,2026-03-19
T0510,工作人员只介绍优惠，没有说明合约限制，已经影响正常办理和使用。,投诉建议,web,high,2026-05-23
T0511,之前短暂恢复过，但现在又出现同样的问题：通话过程中经常突然中断。,信号问题,web,high,2026-07-07
T0512,请确认以下服务问题产生的原因：师傅处理问题很敷衍，故障很快又出现。,投诉建议,phone,medium,2026-02-01
T0513,余额每天都会减少一点，不知道扣在哪里，系统也没有给出清晰提示。,费用问题,phone,medium,2026-03-20
T0514,需要把号码上的主套餐取消，办理后原有权益会怎么变化？,套餐业务,web,medium,2026-01-13
T0515,银行卡已经扣款但话费余额没更新，我看不出问题具体出在哪个环节。,费用问题,app,high,2026-03-31
T0516,补办手机卡后一直无法连接网络，重启手机并开关飞行模式后仍然没有改善。,信号问题,web,high,2026-05-15
T0517,替家人充值后对方号码没有收到话费，类似记录已经出现不止一次。,费用问题,web,medium,2026-02-27
T0518,之前联系过客服，但以下问题还没有解决：月租费用在同一天重复收取。,费用问题,web,high,2026-03-21
T0519,我核对近期消费记录时发现旅行回来后账单多出多笔境外费用。,费用问题,app,medium,2026-05-11
T0520,周末开始在宿舍发现新手机已经设置完成但移动网络不可用。,信号问题,app,high,2026-02-06
T0521,账单中多出一笔陌生的代收费，类似记录已经出现不止一次。,费用问题,app,medium,2026-05-01
T0522,关于以下需求，我之前咨询或提交过申请，但还没有处理完成：想办理一个当天有效的流量加油包。,套餐业务,app,low,2026-03-08
T0523,请确认以下服务问题产生的原因：网络坏了多天，维修人员始终未出现。,投诉建议,app,medium,2026-03-06
T0524,昨晚又出现这种情况：取消增值服务后系统仍显示生效。我需要正式反馈。,投诉建议,phone,high,2026-02-25
T0525,手机显示已连接 Wi-Fi 但上不了网，一天内已经出现好几次。,网络故障,phone,medium,2026-04-05
T0526,请确认以下需求需要满足哪些条件：希望更换为不限量或大流量套餐。,套餐业务,phone,medium,2026-03-03
T0527,客服部门之间互相推来推去，目前没有人明确负责处理。,投诉建议,web,medium,2026-05-28
T0528,长期没有使用的号码还在持续扣款，请核实支付记录和系统入账情况。,费用问题,web,high,2026-07-14
T0529,在线客服入口不明显，使用起来不方便，已经影响正常办理和使用。,投诉建议,app,low,2026-01-30
T0530,我想确认一下，演唱会现场有信号但完全上不了网，希望优化这一带的信号覆盖。,信号问题,store,high,2026-03-18
T0531,请确认以下需求需要满足哪些条件：需要查看优惠合约的结束日期。,套餐业务,web,low,2026-05-30
T0532,之前短暂恢复过，但现在又出现同样的问题：手机有信号但收不到普通短信。,信号问题,app,medium,2026-06-21
T0533,请确认以下服务问题产生的原因：套餐到期后自动续约却未提前通知。,投诉建议,app,low,2026-06-19
T0534,最近总是出现这种情况：同一个位置连续几次都无法正常通话。,信号问题,app,medium,2026-04-27
T0535,故障工单显示处理中，实际没有任何反馈，目前没有人明确负责处理。,投诉建议,phone,medium,2026-03-12
T0536,想办理学生优惠流量套餐，请告知办理步骤和注意事项。,套餐业务,app,medium,2026-02-28
T0537,手机有信号但收不到普通短信，上课和办公都受影响。,信号问题,web,high,2026-02-13
T0538,这个号码存在以下费用问题：国际漫游的实际扣费远高于预期。,费用问题,app,medium,2026-05-17
T0539,充值后没多久余额就快速下降，请帮我核实系统记录是否正确。,费用问题,app,high,2026-03-06
T0540,请帮我确认以下信号问题的原因：主卡信号很好，副卡却一直只有一格。,信号问题,app,medium,2026-01-26
T0541,办公室内只能收到一格信号，请提供具体排查方法或处理进度。,信号问题,app,high,2026-05-06
T0542,本月应付金额和过去几个月差别很大，请帮我核实系统记录是否正确。,费用问题,phone,high,2026-03-23
T0543,长期没有使用的号码还在持续扣款，希望提供完整明细和处理结果。,费用问题,web,high,2026-07-19
T0544,新手机连接 Wi-Fi 后无法访问网络，重启路由器后还是没有改善。,网络故障,web,medium,2026-02-27
T0545,我想确认一下，希望把当前套餐调整到低价档位。,套餐业务,app,medium,2026-01-13
T0546,这几天网络经常自动断开后又恢复，希望今天能处理好。,网络故障,phone,high,2026-05-30
T0547,关于“问题被多个客服重复登记却没人负责”的问题，请帮我登记投诉或建议。,投诉建议,app,medium,2026-06-17
T0548,最近总是出现这种情况：办公室所在园区的信号覆盖很差。,信号问题,app,medium,2026-01-28
T0549,请帮我确认以下信号问题的原因：补办手机卡后一直无法连接网络。,信号问题,web,medium,2026-07-01
T0550,最近连续出现这种情况：没有消费记录但可用余额变少。,费用问题,phone,high,2026-01-21
T0551,在 App 的账单页面看到银行卡已经扣款但话费余额没更新。,费用问题,web,medium,2026-02-09
T0552,已经申请暂停套餐但费用没有停止，请帮我核对相关账单或支付记录。,费用问题,app,medium,2026-01-21
T0553,想知道号码是否还在最低消费期，请问应该在哪里办理或查询？,套餐业务,phone,low,2026-03-15
T0554,投诉处理结果没有说明具体原因，目前没有人明确负责处理。,投诉建议,phone,high,2026-06-14
T0555,这几天商场周末人多时移动数据基本瘫痪，请给我一个明确答复。,信号问题,web,high,2026-05-27
T0556,关于“被告知免费体验，后来却开始扣费”的问题，请帮我登记投诉或建议。,投诉建议,web,medium,2026-04-24
T0557,周末开始查看账户时发现账单里出现了没办理过的增值业务。,费用问题,web,medium,2026-06-05
T0558,想问一下，Wi-Fi 有信号却不能使用任何应用。,网络故障,store,medium,2026-07-12
T0559,使用备用手机连接网络时出现以下情况：白天网络正常，晚上基本无法使用。,网络故障,web,medium,2026-03-10
T0560,麻烦尽快查一下，宽带账户已经有余额却依旧断网。,网络故障,web,high,2026-02-07
T0561,周末开始在地铁站附近发现在地下室移动网络一直不可用。,信号问题,app,medium,2026-06-07
T0562,刚刚发现打开网页要等很久，之前使用一直正常。,网络故障,web,medium,2026-07-12
T0563,在接收验证码时，这个商场里很多位置都收不到信号。,信号问题,web,medium,2026-03-08
T0564,办理时说的月费和实际扣款不一致，麻烦说明原因和处理方式。,费用问题,phone,high,2026-04-01
T0565,关于以下需求，我之前咨询或提交过申请，但还没有处理完成：想了解适合学生使用的低价套餐。,套餐业务,phone,medium,2026-03-18
T0566,请帮我确认以下信号问题的原因：晚高峰期间消息很难发送出去。,信号问题,app,high,2026-01-06
T0567,想了解不同国家的漫游套餐价格，请说明办理条件和相关限制。,套餐业务,phone,medium,2026-04-14
T0568,业务变更前没有收到任何提醒，请记录处理过程并反馈最终结果。,投诉建议,app,medium,2026-02-12
T0569,建议增加套餐费用的对比功能，请记录处理过程并反馈最终结果。,投诉建议,phone,low,2026-04-04
T0570,需要查询当前套餐还能办几张副卡，请帮我确认当前状态或可选方案。,套餐业务,phone,medium,2026-07-21
T0571,需要一个通话和流量都比较少的套餐，请帮我确认当前状态或可选方案。,套餐业务,phone,low,2026-05-13
T0572,昨晚线路改造后家里的网络彻底断了，麻烦尽快处理。,网络故障,web,medium,2026-06-18
T0573,请帮忙处理一下，明明是满格信号，视频通话还是很卡。,信号问题,phone,high,2026-03-30
T0574,需要给父母办理一个简单的套餐，这项操作通常什么时候生效？,套餐业务,app,medium,2026-02-12
T0575,投诉工单已经关闭但问题并未解决，请记录处理过程并反馈最终结果。,投诉建议,app,medium,2026-04-09
T0576,最近反复出现这种情况：浏览器可以使用但办公软件无法联网。,网络故障,web,low,2026-02-25
T0577,今天早上查看账户时发现套餐没变但月费明显上涨。,费用问题,web,medium,2026-04-15
T0578,业务变更前没有收到任何提醒，我已经沟通过几次但仍未解决。,投诉建议,web,low,2026-05-09
T0579,准备换运营方式，想先退掉现有套餐，想了解具体资费和生效时间。,套餐业务,phone,low,2026-06-19
T0580,这几天我再次反馈以下问题或建议：在线客服一直让我联系其他渠道。,投诉建议,app,high,2026-04-16
T0581,我想确认一下，实际使用量和账单上的超额流量对不上。,费用问题,store,high,2026-04-24
T0582,请帮我核实，充值成功但余额没有增加，需要我提供支付凭证吗？,费用问题,app,medium,2026-02-16
T0583,登录后经常要求重复验证身份，我已经沟通过几次但仍未解决。,投诉建议,phone,medium,2026-05-03
T0584,对方一直听不清我说话，我不确定是手机卡、设备还是基站的问题。,信号问题,app,medium,2026-05-03
T0585,请帮我确认以下网络问题的原因：只有一台电脑始终连不上家里的宽带。,网络故障,app,low,2026-05-06
T0586,在 App 里没有找到相关入口，我的需求是：想查询叠加包用完后是否自动续订。,套餐业务,app,medium,2026-03-25
T0587,更换光猫后宽带没有恢复，重启路由器后还是没有改善。,网络故障,app,high,2026-07-01
T0588,我想确认一下，想查询当前套餐什么时候到期。,套餐业务,phone,low,2026-02-14
T0589,请帮我确认以下信号问题的原因：打电话时声音总是断断续续。,信号问题,phone,high,2026-02-24
T0590,演唱会现场有信号但完全上不了网，工作和学习都受到了影响。,信号问题,phone,medium,2026-07-13
T0591,账户余额无缘无故少了很多，类似记录已经出现不止一次。,费用问题,web,medium,2026-07-06
T0592,有个问题想反馈，发票金额和实际支付金额不一致。,费用问题,phone,low,2026-03-22
T0593,想问一下，建议在学校附近增加一个营业网点。,投诉建议,web,low,2026-03-17
T0594,想咨询一下，短信发送成功但对方收不到，希望优化这一带的信号覆盖。,信号问题,phone,high,2026-04-23
T0595,请确认以下需求需要满足哪些条件：不需要这么多流量，想改成基础套餐。,套餐业务,web,medium,2026-05-02
T0596,我在办公室经常遇到这种情况：开启 5G 后仍然一直显示 4G。,信号问题,web,high,2026-05-31
T0597,刚刚发现宽带移机完成后一直认证失败，之前使用一直正常。,网络故障,app,high,2026-05-01
T0598,之前得到过处理承诺，但以下问题仍未解决：已经申请取消但下个月仍然续费。,投诉建议,phone,medium,2026-07-12
T0599,号码停机期间仍然收取了月租，系统也没有给出清晰提示。,费用问题,phone,medium,2026-06-11
T0600,车站客流大时手机经常断网，同一位置其他人的情况没有这么严重。,信号问题,web,medium,2026-03-13
T0601,在打电话时，5G 网络速度比 4G 还慢。,信号问题,phone,medium,2026-02-22
T0602,刚超了一点流量就被扣了很多钱，请帮我核对相关账单或支付记录。,费用问题,app,high,2026-06-25
T0603,刚才满格状态下视频仍然不断缓冲，请帮我查一下原因。,信号问题,web,medium,2026-01-04
T0604,有个问题想反馈，已经办理了新套餐但还没有生效。,套餐业务,app,medium,2026-06-12
T0605,新开通的宽带账号无法联网，我重新连接网络并重启设备后仍然无效。,网络故障,phone,high,2026-07-21
T0606,银行卡已经扣款但话费余额没更新，请核实支付记录和系统入账情况。,费用问题,app,medium,2026-04-20
T0607,之前得到过处理承诺，但以下问题仍未解决：师傅没有检查清楚就说无法处理。,投诉建议,app,high,2026-03-14
T0608,国际漫游的实际扣费远高于预期，类似记录已经出现不止一次。,费用问题,web,medium,2026-04-05
T0609,我在家里遇到这个问题：宽带账户已经有余额却依旧断网。,网络故障,phone,medium,2026-02-01
T0610,请确认以下需求需要满足哪些条件：这个月流量不够，想买临时流量包。,套餐业务,store,low,2026-07-22
T0611,刚查话费时发现账单只显示总额，没有具体项目，之前没有注意到。,费用问题,app,medium,2026-07-01
T0612,没有新增业务但话费突然变高，过去几个月的账户记录一直比较正常。,费用问题,store,high,2026-03-30
T0613,最近一周在办公室发现电脑和手机都显示没有网络连接。,网络故障,app,high,2026-04-01
T0614,刚刚发现所有设备都无法访问网络，之前使用一直正常。,网络故障,app,high,2026-04-07
T0615,在乘坐地铁时，满格状态下视频仍然不断缓冲。,信号问题,app,medium,2026-04-05
T0616,之前短暂恢复过，但现在又出现同样的问题：满格状态下视频仍然不断缓冲。,信号问题,store,medium,2026-01-02
T0617,前天晚上更换新手机后信号变得很差，请帮我查一下原因。,信号问题,app,high,2026-01-15
T0618,我在商场里遇到这个问题：手机能联网但电脑连不上。,网络故障,app,medium,2026-05-01
T0619,需要查看优惠合约的结束日期，线上和营业厅都可以办理吗？,套餐业务,web,low,2026-05-26
T0620,之前处理后短暂恢复，但现在又出现同样的问题：晚间高峰期网页很难打开。,网络故障,store,medium,2026-06-19
T0621,我目前使用的是原来的月套餐，现在有以下需求：想增加套餐内的国内流量。,套餐业务,store,low,2026-06-01
T0622,想问一下，只有其中一个号码无法正常拨打电话，是否需要重新设置网络？,信号问题,store,high,2026-03-30
T0623,请确认以下需求需要满足哪些条件：想取消一张已经不用的副卡。,套餐业务,store,medium,2026-04-29
T0624,网络经常自动断开后又恢复，一天内已经出现好几次。,网络故障,web,medium,2026-05-16
T0625,国际漫游开通后一直没有生效，是否需要支付额外费用？,套餐业务,store,low,2026-01-12
T0626,最近使用需求发生了变化，因此想了解适合学生使用的低价套餐。,套餐业务,app,low,2026-04-12
T0627,最近多次出现以下问题：上门服务过程中说话很不礼貌。,投诉建议,app,high,2026-07-07
T0628,关于以下需求，我之前咨询或提交过申请，但还没有处理完成：套餐里的语音太多，流量却不够。,套餐业务,app,low,2026-07-01
T0629,宽带速度突然变得特别慢，同一网络之前一直可以正常使用。,网络故障,app,medium,2026-05-11
T0630,手机能联网但电脑连不上，我重新连接网络并重启设备后仍然无效。,网络故障,web,medium,2026-06-28
T0631,需要出差几天，想增加短期流量，会不会影响现有优惠？,套餐业务,app,medium,2026-06-12
T0632,最近总是出现这种情况：人多的时候信号会突然变得很差。,信号问题,web,high,2026-05-25
T0633,问题被多个客服重复登记却没人负责，希望尽快安排专人处理。,投诉建议,app,high,2026-05-10
T0634,在 App 的账单页面看到取消业务后又被再次扣了一次费用。,费用问题,app,high,2026-01-12
T0635,App 经常闪退，希望尽快修复，希望尽快安排专人处理。,投诉建议,app,medium,2026-03-06
T0636,从刚才开始就出现以下情况：开启 5G 后仍然一直显示 4G。,信号问题,phone,high,2026-03-05
T0637,副卡每个月需要额外收多少费用，想了解具体资费和生效时间。,套餐业务,app,low,2026-02-22
T0638,有个问题想反馈，充值时银行卡出现了重复扣款。,费用问题,app,high,2026-01-14
T0639,使用备用手机时出现以下信号问题：家附近几条街的网络都不稳定。,信号问题,phone,high,2026-03-23
T0640,最近总是出现这种情况：手机有信号但应用经常提示超时。,信号问题,store,medium,2026-04-09
T0641,只是接听电话也出现了漫游费用，请帮我核对相关账单或支付记录。,费用问题,app,medium,2026-05-24
T0642,商场地下层没有手机信号，同一位置其他人的情况没有这么严重。,信号问题,app,medium,2026-05-27
T0643,最近一周查看账户时发现需要查询某一天产生的具体费用。,费用问题,app,low,2026-07-15
T0644,想取消业务却被多个渠道来回推，请给出合理解释和改进措施。,投诉建议,app,high,2026-04-08
T0645,我在地铁站附近遇到这个问题：文件上传速度慢得几乎不动。,网络故障,web,medium,2026-04-30
T0646,请确认以下需求需要满足哪些条件：准备出国，想开通国际漫游。,套餐业务,store,low,2026-02-15
T0647,在看视频时，所有设备都无法访问网络。,网络故障,app,high,2026-04-08
T0648,请帮我核实，人多的时候信号会突然变得很差。,信号问题,store,medium,2026-04-12
T0649,副卡每个月需要额外收多少费用，这项操作通常什么时候生效？,套餐业务,app,medium,2026-07-09
T0650,刚才设备没有报警但宽带不能使用，请帮我查一下原因。,网络故障,web,high,2026-04-08
T0651,只有一台电脑始终连不上家里的宽带，日常联系很不方便。,网络故障,store,low,2026-07-12
T0652,小区门口经常没有移动网络，我不确定是手机卡、设备还是基站的问题。,信号问题,app,high,2026-01-04
T0653,浏览器可以使用但办公软件无法联网，请提供具体原因和排查办法。,网络故障,phone,low,2026-07-18
T0654,我核对近期消费记录时发现余额每天都会减少一点，不知道扣在哪里。,费用问题,web,high,2026-04-02
T0655,乘坐地铁时经常长时间无服务，一天内已经影响了多次通话或上网。,信号问题,phone,high,2026-01-16
T0656,刚超了一点流量就被扣了很多钱，过去几个月的账户记录一直比较正常。,费用问题,phone,medium,2026-04-26
T0657,关于“建议改善新建小区的网络覆盖”的问题，请帮我登记投诉或建议。,投诉建议,app,low,2026-05-23
T0658,一个简单的退订流程办了好几天，希望尽快安排专人处理。,投诉建议,web,high,2026-05-11
T0659,这期账单金额比上个月多了几十元，系统也没有给出清晰提示。,费用问题,store,medium,2026-05-08
T0660,充值成功但余额没有增加，系统也没有给出清晰提示。,费用问题,phone,medium,2026-03-15
T0661,流量用完后没有提醒就开始收费，麻烦说明原因和处理方式。,费用问题,app,medium,2026-03-01
T0662,周末开始查看账户时发现流量包失效后马上产生了额外扣费。,费用问题,app,high,2026-03-13
T0663,我核对近期消费记录时发现这个月的话费比平时高了很多。,费用问题,app,high,2026-06-08
T0664,需要查询当前套餐还能办几张副卡，会不会影响现有优惠？,套餐业务,phone,medium,2026-05-23
T0665,请帮我确认以下网络问题的原因：宽带移机完成后一直认证失败。,网络故障,web,high,2026-03-24
T0666,使用备用手机连接网络时出现以下情况：搬家迁网完成了但新住处不能使用。,网络故障,web,medium,2026-05-11
T0667,充值订单完成了，账户还是原来的余额，过去几个月的账户记录一直比较正常。,费用问题,store,high,2026-05-24
T0668,关于这个号码，我有以下需求：需要出差几天，想增加短期流量。需要准备什么材料？,套餐业务,web,low,2026-06-24
T0669,号码被开通了不清楚的付费业务，请帮我核实系统记录是否正确。,费用问题,phone,medium,2026-07-21
T0670,账户余额无缘无故少了很多，请帮我核对相关账单或支付记录。,费用问题,store,medium,2026-03-22
T0671,请帮我核实，旅行回来后账单多出多笔境外费用。,费用问题,phone,high,2026-02-03
T0672,系统显示投诉已完成，但我没有收到任何解释，请给出合理解释和改进措施。,投诉建议,app,high,2026-03-26
T0673,宽带移机完成后一直认证失败，已经影响正常使用。,网络故障,app,high,2026-02-22
T0674,关于这个号码，我有以下需求：套餐变更成功后内容仍显示旧版本。需要准备什么材料？,套餐业务,app,medium,2026-01-24
T0675,Wi-Fi 图标正常，网页还是打不开，我不确定是线路、路由器还是账号的问题。,网络故障,web,medium,2026-03-02
T0676,希望小区周边增设信号基站，请记录处理过程并反馈最终结果。,投诉建议,app,medium,2026-03-20
T0677,需要一个适合经常看视频的套餐，线上和营业厅都可以办理吗？,套餐业务,web,medium,2026-03-04
T0678,投诉处理结果没有说明具体原因，希望尽快安排专人处理。,投诉建议,web,high,2026-07-18
T0679,请确认以下费用或账务问题的原因：月租费用在同一天重复收取。,费用问题,app,high,2026-03-16
T0680,请确认以下费用或账务问题的原因：刚超了一点流量就被扣了很多钱。,费用问题,phone,high,2026-05-02
T0681,有个问题想反馈，商场周末人多时移动数据基本瘫痪，是否需要重新设置网络？,信号问题,phone,high,2026-03-09
T0682,最近反复出现这种情况：电脑和手机都显示没有网络连接。,网络故障,app,high,2026-05-28
T0683,App 经常闪退，希望尽快修复，请给出合理解释和改进措施。,投诉建议,web,low,2026-01-05
T0684,自助设备坏了，所有人只能排人工窗口，相关工单已经提交不止一次。,投诉建议,web,low,2026-06-26
T0685,在使用移动数据时，新 SIM 卡插入后总是显示无服务。,信号问题,web,medium,2026-02-10
T0686,需要一个通话和流量都比较少的套餐，想了解具体资费和生效时间。,套餐业务,phone,low,2026-03-15
T0687,这几天又出现这种情况：营业厅叫号顺序看起来很混乱。我需要正式反馈。,投诉建议,web,low,2026-04-02
T0688,之前得到过处理承诺，但以下问题仍未解决：客服说会安排师傅，但一直没人处理。,投诉建议,web,medium,2026-06-17
T0689,没有确认过订阅却连续产生费用，请核实支付记录和系统入账情况。,费用问题,app,medium,2026-02-14
T0690,刚刚发现打电话时声音总是断断续续，换到室外后才稍微好一些。,信号问题,store,high,2026-02-01
T0691,需要开具本月通信费用发票，系统也没有给出清晰提示。,费用问题,web,low,2026-03-02
T0692,最近反复出现这种情况：无线连接没有报错，网络却完全不通。,网络故障,store,medium,2026-03-06
T0693,我核对近期消费记录时发现银行卡已经扣款但话费余额没更新。,费用问题,phone,high,2026-04-27
T0694,新搬来的小区一直存在信号覆盖问题，把手机卡放到另一台设备上测试也差不多。,信号问题,phone,high,2026-03-20
T0695,一个简单的退订流程办了好几天，已经影响正常办理和使用。,投诉建议,web,high,2026-04-28
T0696,刚刚发现上网过程中频繁掉线，之前使用一直正常。,网络故障,web,high,2026-04-06
T0697,新 SIM 卡插入后总是显示无服务，上课和办公都受影响。,信号问题,app,medium,2026-07-03
T0698,不清楚合约期还剩多久，请帮我确认当前状态或可选方案。,套餐业务,store,medium,2026-02-17
T0699,信号图标正常但消息发送不出去，我不确定是手机卡、设备还是基站的问题。,信号问题,store,medium,2026-07-07
T0700,最近使用需求发生了变化，因此想确认现在改套餐会不会产生违约金。,套餐业务,web,medium,2026-06-06
T0701,长期没有使用的号码还在持续扣款，麻烦说明原因和处理方式。,费用问题,store,high,2026-05-21
T0702,最近连续出现这种情况：账单里有一大笔套餐外流量费。,费用问题,app,medium,2026-05-19
T0703,客服只会让我继续等待，没有实际处理，我已经沟通过几次但仍未解决。,投诉建议,phone,medium,2026-02-19
T0704,麻烦帮我看看，本月应该降档，账单却还是原套餐，请给出明确的办理建议或处理结果。,套餐业务,app,medium,2026-04-22
T0705,在 App 的账单页面看到需要查询某一天产生的具体费用。,费用问题,web,medium,2026-02-14
T0706,需要把号码上的主套餐取消，是否需要支付额外费用？,套餐业务,web,low,2026-02-21
T0707,请帮我核实，实际使用量和账单上的超额流量对不上，需要我提供支付凭证吗？,费用问题,store,medium,2026-06-14
T0708,我通过手机 App反馈以下问题或建议：连续催了几次报修仍然没有进展。,投诉建议,app,medium,2026-03-12
T0709,回国后想关闭境外漫游功能，会不会影响现有优惠？,套餐业务,web,low,2026-05-08
T0710,营业厅排队时间太长了，目前没有人明确负责处理。,投诉建议,web,medium,2026-06-25
T0711,在 App 里没有找到相关入口，我的需求是：平时主要打电话，想调整套餐内容。,套餐业务,app,medium,2026-03-08
T0712,我已经完成充值但网络没有恢复，请提供具体原因和排查办法。,网络故障,phone,high,2026-06-01
T0713,刚查话费时发现已经办理停机保号却继续产生套餐费，之前没有注意到。,费用问题,app,high,2026-07-18
T0714,我想确认一下，宣传页面写的价格比账单金额低。,费用问题,app,medium,2026-02-07
T0715,关于“投诉过去一周仍然查不到进展”的问题，请帮我登记投诉或建议。,投诉建议,phone,medium,2026-01-11
T0716,请帮我确认以下网络问题的原因：系统显示网络已连接但实际没有网。,网络故障,app,high,2026-02-02
T0717,这张卡插到卡槽二后经常掉信号，一天内已经影响了多次通话或上网。,信号问题,phone,medium,2026-07-16
T0718,办理时说可以随时取消，实际却不允许，相关工单已经提交不止一次。,投诉建议,web,medium,2026-01-14
T0719,关于以下需求，我之前咨询或提交过申请，但还没有处理完成：想给当前套餐增加一张副卡。,套餐业务,app,low,2026-03-10
T0720,请帮我核实，想在原套餐基础上增加通用流量，请给出明确的办理建议或处理结果。,套餐业务,phone,low,2026-06-07
T0721,请帮我确认以下信号问题的原因：手机有信号但收不到普通短信。,信号问题,phone,high,2026-06-14
T0722,师傅处理问题很敷衍，故障很快又出现，我已经沟通过几次但仍未解决。,投诉建议,app,high,2026-06-13
T0723,家里的宽带完全连不上网了，重启路由器后还是没有改善。,网络故障,web,medium,2026-07-14
T0724,想了解夜间流量包的使用时间，线上和营业厅都可以办理吗？,套餐业务,app,medium,2026-07-01
T0725,想在原套餐基础上增加通用流量，是否需要支付额外费用？,套餐业务,web,low,2026-02-03
T0726,在 App 里没有找到相关入口，我的需求是：想确认现在改套餐会不会产生违约金。,套餐业务,phone,low,2026-05-10
T0727,连续催了几次报修仍然没有进展，请记录处理过程并反馈最终结果。,投诉建议,phone,high,2026-02-08
T0728,之前得到过处理承诺，但以下问题仍未解决：之前提交的投诉一直没有回复。,投诉建议,web,medium,2026-06-24
T0729,发现有一项彩铃服务一直在扣钱，系统也没有给出清晰提示。,费用问题,web,medium,2026-06-22
T0730,账单里同一个流量包出现了两次收费，请帮我核实系统记录是否正确。,费用问题,phone,medium,2026-06-05
T0731,已经申请暂停套餐但费用没有停止，过去几个月的账户记录一直比较正常。,费用问题,app,high,2026-05-01
T0732,有个问题想反馈，号码停用几个月仍有收费记录，需要我提供支付凭证吗？,费用问题,app,medium,2026-07-11
T0733,我想确认一下，建议增加套餐费用的对比功能，请告知后续处理时限。,投诉建议,web,low,2026-03-12
T0734,客服部门之间互相推来推去，相关工单已经提交不止一次。,投诉建议,app,medium,2026-02-21
T0735,同一订单支付一次却扣了两笔钱，系统也没有给出清晰提示。,费用问题,phone,high,2026-01-19
T0736,修改套餐后仍按以前的标准计费，想了解具体资费和生效时间。,套餐业务,app,medium,2026-02-28
T0737,这几天在办公室发现路由器重启后状态正常，网络仍未恢复。,网络故障,web,high,2026-04-18
T0738,请确认以下服务问题产生的原因：建议对长期信号差的区域进行网络优化。,投诉建议,phone,low,2026-02-10
T0739,今天早上另一张卡正常，这个号码经常无服务，希望尽快给出解决方案。,信号问题,phone,medium,2026-06-15
T0740,无线网能搜到但完全不能上网，同一网络之前一直可以正常使用。,网络故障,app,high,2026-06-25
T0741,使用备用手机时出现以下信号问题：短信发送成功但对方收不到。,信号问题,app,high,2026-03-18
T0742,这期账单金额比上个月多了几十元，请核实支付记录和系统入账情况。,费用问题,app,medium,2026-07-11
T0743,最近一周在宿舍里手机几乎没有信号，请给我一个明确答复。,信号问题,app,high,2026-01-27
T0744,扣费前没有发送清晰的提醒短信，目前没有人明确负责处理。,投诉建议,app,medium,2026-01-12
T0745,想增加套餐内的国内流量，这项操作通常什么时候生效？,套餐业务,phone,medium,2026-06-18
T0746,从前天晚上开始就出现以下情况：明明是满格信号，视频通话还是很卡。,信号问题,app,high,2026-05-11
T0747,想咨询一下，余额每天都会减少一点，不知道扣在哪里。,费用问题,app,high,2026-02-21
T0748,最近使用需求发生了变化，因此现在的套餐流量太少，想改高一档。,套餐业务,app,low,2026-04-27
T0749,从刚才开始，这个问题一直没有明确结果：维修结束后现场没有整理干净。,投诉建议,web,medium,2026-04-27
T0750,刚刚发现路由器指示灯都正常但没有网络，之前使用一直正常。,网络故障,store,medium,2026-05-14
T0751,麻烦帮我看看，最近连续几晚都会突然断网。,网络故障,app,medium,2026-06-10
T0752,昨晚家里的宽带完全连不上网了，请告诉我应该怎么处理。,网络故障,app,medium,2026-03-04
T0753,现场窗口很多但开放的柜台很少，希望尽快安排专人处理。,投诉建议,phone,medium,2026-07-19
T0754,我核对近期消费记录时发现实际使用量和账单上的超额流量对不上。,费用问题,web,medium,2026-01-24
T0755,刚查话费时发现账户里的一部分金额突然不见了，之前没有注意到。,费用问题,phone,high,2026-07-24
T0756,想问一下，宽带一天内已经掉线很多次，希望彻底解决，不要反复发生。,网络故障,app,high,2026-01-31
T0757,想咨询一下，信号强度正常，数据网络却几乎不能用，是否需要重新设置网络？,信号问题,app,high,2026-02-27
T0758,晚间高峰期网页很难打开，一天内已经出现好几次。,网络故障,app,medium,2026-05-28
T0759,投诉工单已经关闭但问题并未解决，相关工单已经提交不止一次。,投诉建议,phone,medium,2026-07-21
T0760,每个月都在扣一项我不认识的服务费，我看不出问题具体出在哪个环节。,费用问题,web,high,2026-03-02
T0761,这个商场里很多位置都收不到信号，同一位置其他人的情况没有这么严重。,信号问题,app,medium,2026-02-14
T0762,想把通话分钟换成更多流量，线上和营业厅都可以办理吗？,套餐业务,web,low,2026-05-25
T0763,想重新分配套餐里的流量和通话额度，想了解具体资费和生效时间。,套餐业务,web,low,2026-03-04
T0764,我想确认一下，维修预约变更时间没有告知我，不希望问题被简单关闭。,投诉建议,web,medium,2026-06-15
T0765,请帮我确认以下网络问题的原因：Wi-Fi 一会儿能用一会儿不能用。,网络故障,web,high,2026-05-19
T0766,办理迁移后新地址一直不能上网，请提供具体原因和排查办法。,网络故障,app,medium,2026-04-23
T0767,这个号码存在以下费用问题：月租费用在同一天重复收取。,费用问题,phone,high,2026-01-05
T0768,平时主要打电话，想调整套餐内容，会不会影响现有优惠？,套餐业务,app,low,2026-02-09
T0769,昨晚在家里发现开启 5G 后仍然一直显示 4G。,信号问题,app,medium,2026-01-04
T0770,在 App 的账单页面看到本月账单突然增加了一大笔费用。,费用问题,app,high,2026-04-24
T0771,想咨询一下，无线网能搜到但完全不能上网，大概多久能修复？,网络故障,app,high,2026-07-17
T0772,最近使用需求发生了变化，因此不想继续使用这项套餐服务。,套餐业务,phone,low,2026-02-01
T0773,想取消一张已经不用的副卡，请说明办理条件和相关限制。,套餐业务,store,low,2026-05-09
T0774,电话接通后几秒就会掉线，同一位置其他人的情况没有这么严重。,信号问题,web,high,2026-05-13
T0775,同一条宽带到了晚上速度就下降很多，请提供具体原因和排查办法。,网络故障,app,high,2026-01-23
T0776,之前处理后短暂恢复，但现在又出现同样的问题：打开网页要等很久。,网络故障,web,high,2026-04-18
T0777,家里卧室经常显示无服务，把手机卡放到另一台设备上测试也差不多。,信号问题,web,medium,2026-03-09
T0778,刚刚发现切换数据卡后该号码无法联网，换到室外后才稍微好一些。,信号问题,web,medium,2026-06-14
T0779,同一订单支付一次却扣了两笔钱，类似记录已经出现不止一次。,费用问题,phone,medium,2026-05-28
T0780,想重新分配套餐里的流量和通话额度，是否需要支付额外费用？,套餐业务,app,medium,2026-04-28
T0781,手机显示 5G 但实际无法上网，把手机卡放到另一台设备上测试也差不多。,信号问题,web,high,2026-05-20
T0782,在使用相关服务时，我注意到以下问题：网络坏了多天，维修人员始终未出现。,投诉建议,phone,medium,2026-05-31
T0783,请帮我核实，报修后只收到短信，没有人解决问题，请告知后续处理时限。,投诉建议,app,high,2026-05-12
T0784,需要开具本月通信费用发票，类似记录已经出现不止一次。,费用问题,web,low,2026-06-06
T0785,请帮忙处理一下，账单页面层级太深，很难找到明细。,投诉建议,phone,medium,2026-02-26
T0786,之前处理后短暂恢复，但现在又出现同样的问题：Wi-Fi 一会儿能用一会儿不能用。,网络故障,app,high,2026-01-02
T0787,我在出差住的酒店经常遇到这种情况：在地下室移动网络一直不可用。,信号问题,phone,medium,2026-01-22
T0788,我想确认一下，路由器重启后状态正常，网络仍未恢复。,网络故障,app,medium,2026-04-28
T0789,请确认以下服务问题产生的原因：客服部门之间互相推来推去。,投诉建议,web,high,2026-03-22
T0790,号码被开通了不清楚的付费业务，麻烦说明原因和处理方式。,费用问题,web,high,2026-07-11
T0791,最近连续出现这种情况：支付记录显示成功，账户余额没有变化。,费用问题,app,medium,2026-05-23
T0792,从周末开始开始就出现以下情况：手机显示已连接 Wi-Fi 但上不了网。,网络故障,web,high,2026-06-20
T0793,有个问题想反馈，光猫和路由器看起来正常，还是上不了网，大概多久能修复？,网络故障,store,high,2026-07-04
T0794,在 App 里没有找到相关入口，我的需求是：需要取消自动续订的套餐。,套餐业务,store,low,2026-02-19
T0795,昨晚我再次反馈以下问题或建议：系统显示投诉已完成，但我没有收到任何解释。,投诉建议,app,high,2026-05-15
T0796,周末开始又出现这种情况：维修预约变更时间没有告知我。我需要正式反馈。,投诉建议,phone,low,2026-07-13
T0797,刚刚发现网络能用但云盘始终上传失败，之前使用一直正常。,网络故障,web,medium,2026-01-31
T0798,设备没有报警但宽带不能使用，一天内已经出现好几次。,网络故障,phone,high,2026-06-07
T0799,办理简单业务等了一个多小时，请给出合理解释和改进措施。,投诉建议,phone,low,2026-01-27
T0800,通话过程中经常突然中断，把手机卡放到另一台设备上测试也差不多。,信号问题,app,high,2026-06-17
T0801,之前联系过客服，但以下问题还没有解决：需要开具本月通信费用发票。,费用问题,phone,low,2026-04-21
T0802,晚间高峰期网页很难打开，重启路由器后还是没有改善。,网络故障,app,high,2026-01-09
T0803,宽带速度突然变得特别慢，一天内已经出现好几次。,网络故障,app,medium,2026-07-11
T0804,我在出差住的酒店经常遇到这种情况：双卡手机里只有这张卡没有信号。,信号问题,web,medium,2026-04-08
T0805,附近没有营业厅，办理业务很不方便，已经影响正常办理和使用。,投诉建议,app,low,2026-05-12
T0806,这几天我再次反馈以下问题或建议：客服推荐业务时隐瞒了额外费用。,投诉建议,web,medium,2026-06-17
T0807,刚刚发现地下通道里短信也收不到，换到室外后才稍微好一些。,信号问题,web,medium,2026-01-27
T0808,我目前使用的是原来的月套餐，现在有以下需求：套餐变更记录存在，但实际权益没变化。,套餐业务,web,medium,2026-02-17
T0809,在 App 的账单页面看到号码停机期间仍然收取了月租。,费用问题,app,medium,2026-01-21
T0810,报修后只收到短信，没有人解决问题，希望尽快安排专人处理。,投诉建议,store,high,2026-06-12
T0811,想增加套餐内的国内流量，会不会影响现有优惠？,套餐业务,phone,medium,2026-04-23
T0812,想重新分配套餐里的流量和通话额度，请问应该在哪里办理或查询？,套餐业务,web,medium,2026-02-23
T0813,这个月的话费比平时高了很多，希望提供完整明细和处理结果。,费用问题,phone,medium,2026-06-18
T0814,刚补交欠费，宽带仍然不能使用，已经耽误正常安排。,网络故障,app,medium,2026-02-26
T0815,从前天晚上开始就出现以下情况：一到夜里宽带就频繁掉线。,网络故障,app,high,2026-06-25
T0816,想问一下，到郊区后手机长期处于无服务状态，希望优化这一带的信号覆盖。,信号问题,phone,high,2026-01-25
T0817,请帮忙处理一下，宽带报修好几天了还没人联系。,投诉建议,app,high,2026-02-14
T0818,这个套餐以后不需要了，想办理退订，我不确定当前号码是否符合办理资格。,套餐业务,web,medium,2026-06-24
T0819,希望在大学城增加自助服务设备，相关工单已经提交不止一次。,投诉建议,web,low,2026-04-12
T0820,从周末开始开始就出现以下情况：最近短信功能时好时坏。,信号问题,app,medium,2026-02-10
T0821,麻烦尽快查一下，新手机连接 Wi-Fi 后无法访问网络。,网络故障,phone,low,2026-02-24
T0822,之前提交的投诉一直没有回复，已经影响正常办理和使用。,投诉建议,web,high,2026-01-04
T0823,请帮我核实，大部分应用正常，网课平台一直打不开。,网络故障,app,medium,2026-05-23
T0824,换机前信号正常，换机后经常掉线，一天内已经影响了多次通话或上网。,信号问题,store,high,2026-03-30
T0825,关于这个号码，我有以下需求：需要一个适合经常看视频的套餐。需要准备什么材料？,套餐业务,phone,medium,2026-06-10
T0826,双卡手机里只有这张卡没有信号，家里几个人都没法正常使用。,信号问题,phone,high,2026-05-27
T0827,从昨天开始在地铁站附近发现下班时间移动网络几乎用不了。,信号问题,web,high,2026-04-12
T0828,这个号码存在以下费用问题：长期没有使用的号码还在持续扣款。,费用问题,phone,high,2026-03-16
T0829,有个问题想反馈，现场没有工作人员引导办理业务，请告知后续处理时限。,投诉建议,store,low,2026-04-23
T0830,请确认以下费用或账务问题的原因：宣传页面写的价格比账单金额低。,费用问题,phone,medium,2026-05-10
T0831,周末开始我再次反馈以下问题或建议：上门维修人员态度很不耐烦。,投诉建议,app,high,2026-06-19
T0832,想办理学生优惠流量套餐，办理后原有权益会怎么变化？,套餐业务,web,low,2026-01-21
T0833,修改套餐后仍按以前的标准计费，线上和营业厅都可以办理吗？,套餐业务,web,high,2026-04-03
T0834,想在本月结束前处理以下需求：套餐变更记录存在，但实际权益没变化。,套餐业务,app,medium,2026-01-04
T0835,有个问题想反馈，已经申请取消但下个月仍然续费，请告知后续处理时限。,投诉建议,app,medium,2026-02-21
T0836,我在商场里遇到这个问题：宽带移机完成后一直认证失败。,网络故障,phone,high,2026-06-28
T0837,请确认以下需求需要满足哪些条件：有没有适合老人使用的基础套餐。,套餐业务,phone,medium,2026-04-08
T0838,套餐变更记录存在，但实际权益没变化，会不会影响现有优惠？,套餐业务,app,medium,2026-01-27
T0839,最近多次出现以下问题：之前提交的投诉一直没有回复。,投诉建议,phone,high,2026-03-26
T0840,在 App 里没有找到相关入口，我的需求是：套餐变更成功后内容仍显示旧版本。,套餐业务,app,medium,2026-01-22
T0841,我目前使用的是原来的月套餐，现在有以下需求：想保留号码但降低每个月的支出。,套餐业务,web,medium,2026-02-04
T0842,刚查话费时发现平时消费差不多，这个月却扣得特别多，之前没有注意到。,费用问题,app,medium,2026-04-02
T0843,同一位置电话正常但短信一直失败，一天内已经影响了多次通话或上网。,信号问题,web,medium,2026-05-06
T0844,需要办理一个更大流量的月套餐，请说明办理条件和相关限制。,套餐业务,phone,low,2026-07-16
T0845,我想确认一下，明明是满格信号，视频通话还是很卡，希望优化这一带的信号覆盖。,信号问题,phone,high,2026-04-05
T0846,充值时银行卡出现了重复扣款，请帮我核对相关账单或支付记录。,费用问题,phone,medium,2026-03-11
T0847,在乘坐地铁时，地下停车场里无法拨打电话。,信号问题,app,high,2026-05-27
T0848,请确认以下费用或账务问题的原因：没有消费记录但可用余额变少。,费用问题,phone,high,2026-03-12
T0849,关于以下需求，我之前咨询或提交过申请，但还没有处理完成：申请升级后流量额度没有增加。,套餐业务,phone,high,2026-07-04
T0850,不需要这么多流量，想改成基础套餐，是否需要支付额外费用？,套餐业务,app,medium,2026-06-01
T0851,准备出国，想开通国际漫游，线上和营业厅都可以办理吗？,套餐业务,phone,low,2026-01-24
T0852,刚交的话费到现在还没到账，麻烦说明原因和处理方式。,费用问题,web,high,2026-01-24
T0853,刚超了一点流量就被扣了很多钱，希望提供完整明细和处理结果。,费用问题,phone,medium,2026-03-24
T0854,想了解夜间流量包的使用时间，请告知办理步骤和注意事项。,套餐业务,phone,low,2026-04-06
T0855,使用备用手机时出现以下信号问题：最近 5G 覆盖明显变差。,信号问题,phone,medium,2026-03-17
T0856,请帮我核实，想换成月费更低的套餐，请给出明确的办理建议或处理结果。,套餐业务,phone,low,2026-06-02
T0857,之前处理后短暂恢复，但现在又出现同样的问题：普通上网正常，游戏却总是断线。,网络故障,app,low,2026-03-05
T0858,最近反复出现这种情况：账单显示已支付，宽带仍提示欠费。,网络故障,web,high,2026-03-23
T0859,余额每天都会减少一点，不知道扣在哪里，如果记录有误，请及时更正或退款。,费用问题,app,medium,2026-03-24
T0860,之前得到过处理承诺，但以下问题仍未解决：营业厅等候区信息提示不清楚。,投诉建议,app,low,2026-05-05
T0861,境外使用手机后被收了很多流量费，请帮我核实系统记录是否正确。,费用问题,web,high,2026-06-21
T0862,我想确认一下，营业员没有说明清楚就给我办了业务，不希望问题被简单关闭。,投诉建议,app,medium,2026-03-29
T0863,小区门口经常没有移动网络，重启手机并开关飞行模式后仍然没有改善。,信号问题,app,medium,2026-05-10
T0864,套餐没变但月费明显上涨，如果记录有误，请及时更正或退款。,费用问题,app,high,2026-02-14
T0865,有个问题想反馈，手机显示 5G 但实际无法上网，是否需要重新设置网络？,信号问题,phone,high,2026-02-03
T0866,我核对近期消费记录时发现需要查询某一天产生的具体费用。,费用问题,store,medium,2026-02-24
T0867,现场窗口很多但开放的柜台很少，我已经沟通过几次但仍未解决。,投诉建议,web,medium,2026-04-06
T0868,想在本月结束前处理以下需求：希望更换为流量少但通话多的组合。,套餐业务,web,medium,2026-03-07
T0869,从刚才开始，这个问题一直没有明确结果：处理人员只发了一条短信就结束工单。,投诉建议,store,high,2026-02-15
T0870,在使用相关服务时，我注意到以下问题：建议在学校附近增加一个营业网点。,投诉建议,app,low,2026-01-23
T0871,需要出差几天，想增加短期流量，请帮我确认当前状态或可选方案。,套餐业务,phone,medium,2026-07-03
T0872,使用电视盒子连接网络时出现以下情况：家里的网络突然全部中断。,网络故障,web,medium,2026-01-12
T0873,有个问题想反馈，线上没有找到取消服务的入口。,投诉建议,phone,high,2026-07-13
T0874,请帮我核实，验证码短信经常很久才收到。,信号问题,app,high,2026-03-23
T0875,在使用移动数据时，只有其中一个号码无法正常拨打电话。,信号问题,web,high,2026-04-16
T0876,从今天下午开始就出现以下情况：电脑和手机都显示没有网络连接。,网络故障,app,high,2026-03-13
T0877,新开通的宽带账号无法联网，一天内已经出现好几次。,网络故障,phone,medium,2026-03-27
T0878,充值订单完成了，账户还是原来的余额，请帮我核实系统记录是否正确。,费用问题,web,medium,2026-04-26
T0879,关于以下需求，我之前咨询或提交过申请，但还没有处理完成：想增加套餐内的国内流量。,套餐业务,store,medium,2026-05-08
T0880,麻烦帮我看看，国际漫游开通后一直没有生效，请给出明确的办理建议或处理结果。,套餐业务,phone,low,2026-02-11
T0881,这几天在小区里发现同一栋楼里信号一直很弱。,信号问题,phone,high,2026-06-06
T0882,在使用相关服务时，我注意到以下问题：办理业务后没有提供完整的确认信息。,投诉建议,web,low,2026-01-27
T0883,从从昨天开始开始就出现以下情况：光信号灯正常但所有设备都断网。,网络故障,app,high,2026-01-10
T0884,营业厅等候区信息提示不清楚，请记录处理过程并反馈最终结果。,投诉建议,app,low,2026-01-12
T0885,之前联系过客服，但以下问题还没有解决：没有确认过订阅却连续产生费用。,费用问题,app,medium,2026-04-27
T0886,商场周末人多时移动数据基本瘫痪，重启手机并开关飞行模式后仍然没有改善。,信号问题,store,medium,2026-02-21
T0887,想了解适合学生使用的低价套餐，线上和营业厅都可以办理吗？,套餐业务,phone,medium,2026-05-24
T0888,从昨天开始查看账户时发现线上缴费完成后号码仍然欠费。,费用问题,phone,medium,2026-06-09
T0889,新手机连接 Wi-Fi 后无法访问网络，我不确定是线路、路由器还是账号的问题。,网络故障,web,medium,2026-03-04
T0890,希望把当前套餐调整到低价档位，办理后原有权益会怎么变化？,套餐业务,app,medium,2026-06-22
T0891,前天晚上我已经完成充值但网络没有恢复，希望尽快给出解决方案。,网络故障,web,medium,2026-07-03
T0892,最近使用需求发生了变化，因此想办理一个当天有效的流量加油包。,套餐业务,web,medium,2026-07-23
T0893,到郊区后手机长期处于无服务状态，一天内已经影响了多次通话或上网。,信号问题,app,high,2026-03-25
T0894,维修人员迟到后也没有解释，目前没有人明确负责处理。,投诉建议,web,high,2026-04-18
T0895,银行验证码一直无法接收，请提供具体排查方法或处理进度。,信号问题,app,medium,2026-05-22
T0896,更换卡槽后通话信号明显下降，请提供具体排查方法或处理进度。,信号问题,app,medium,2026-05-20
T0897,我通过手机 App反馈以下问题或建议：打了几次电话都没有人能给出答复。,投诉建议,phone,medium,2026-06-25
T0898,我在出差住的酒店经常遇到这种情况：在家里需要走到窗边才能接电话。,信号问题,app,high,2026-01-18
T0899,之前联系过客服，但以下问题还没有解决：停机状态下增值业务还在扣钱。,费用问题,app,high,2026-02-04
T0900,账单只显示总额，没有具体项目，如果记录有误，请及时更正或退款。,费用问题,app,low,2026-05-11
T0901,使用路由器时出现以下信号问题：活动现场手机一直显示网络拥堵。,信号问题,web,high,2026-01-04
T0902,刚刚再次遇到客服说会安排师傅，但一直没人处理，之前也发生过类似情况。,投诉建议,phone,high,2026-01-08
T0903,请确认以下服务问题产生的原因：投诉过去一周仍然查不到进展。,投诉建议,app,high,2026-01-24
T0904,想咨询一下，客服只会让我继续等待，没有实际处理。,投诉建议,app,medium,2026-03-17
T0905,请确认以下费用或账务问题的原因：账单中多出一笔陌生的代收费。,费用问题,app,medium,2026-06-15
T0906,想减少每月固定套餐费用，请告知办理步骤和注意事项。,套餐业务,phone,medium,2026-01-05
T0907,准备出国，想开通国际漫游，想了解具体资费和生效时间。,套餐业务,web,low,2026-05-09
T0908,请帮我确认以下信号问题的原因：家附近几条街的网络都不稳定。,信号问题,phone,medium,2026-04-12
T0909,打开网页要等很久，重启路由器后还是没有改善。,网络故障,phone,high,2026-01-16
T0910,办理时说可以随时取消，实际却不允许，请给出合理解释和改进措施。,投诉建议,phone,high,2026-07-03
T0911,刚查余额发现比昨天少了一笔，希望提供完整明细和处理结果。,费用问题,phone,medium,2026-06-23
T0912,想换成月费更低的套餐，会不会影响现有优惠？,套餐业务,app,medium,2026-01-12
T0913,请确认以下需求需要满足哪些条件：需要一个通话时间更多的套餐。,套餐业务,web,medium,2026-02-05
T0914,想问一下，想取消现在使用的套餐。,套餐业务,app,medium,2026-06-30
T0915,最近 5G 覆盖明显变差，重启手机并开关飞行模式后仍然没有改善。,信号问题,web,medium,2026-03-22
T0916,请帮我确认以下信号问题的原因：移动网络满格，测速结果却很低。,信号问题,app,high,2026-03-25
T0917,中午休息时间网络速度明显下降，一天内已经影响了多次通话或上网。,信号问题,web,high,2026-01-13
T0918,麻烦帮我看看，所有设备都无法访问网络。,网络故障,phone,high,2026-06-01
T0919,关于“维修人员拒绝说明具体故障原因”的问题，请帮我登记投诉或建议。,投诉建议,web,high,2026-04-02
T0920,想在本月结束前处理以下需求：出发前需要办理境外流量套餐。,套餐业务,web,low,2026-06-27
T0921,同一栋楼里信号一直很弱，我不确定是手机卡、设备还是基站的问题。,信号问题,app,medium,2026-06-02
T0922,手机能联网但电脑连不上，一天内已经出现好几次。,网络故障,phone,medium,2026-05-10
T0923,从最近一周开始，这个问题一直没有明确结果：登录后经常要求重复验证身份。,投诉建议,web,low,2026-02-02
T0924,之前得到过处理承诺，但以下问题仍未解决：账单页面层级太深，很难找到明细。,投诉建议,phone,low,2026-04-29
T0925,线路指示灯没有异常，网页却打不开，同一网络之前一直可以正常使用。,网络故障,phone,medium,2026-04-30
T0926,昨晚只有一台电脑始终连不上家里的宽带，能不能帮我恢复正常。,网络故障,app,low,2026-04-29
T0927,麻烦帮我看看，短信发送成功但对方收不到，是否需要重新设置网络？,信号问题,phone,medium,2026-06-19
T0928,需要查询当前套餐还能办几张副卡，办理后原有权益会怎么变化？,套餐业务,phone,medium,2026-05-23
T0929,出发前需要办理境外流量套餐，这项操作通常什么时候生效？,套餐业务,phone,low,2026-02-19
T0930,宽带报修好几天了还没人联系，已经影响正常办理和使用。,投诉建议,app,high,2026-03-05
T0931,之前得到过处理承诺，但以下问题仍未解决：被告知免费体验，后来却开始扣费。,投诉建议,web,medium,2026-02-05
T0932,Wi-Fi 一会儿能用一会儿不能用，请提供具体原因和排查办法。,网络故障,store,medium,2026-01-18
T0933,请帮我确认以下信号问题的原因：小区室内通话经常没有信号。,信号问题,phone,high,2026-06-07
T0934,最近总是出现这种情况：商场地下层没有手机信号。,信号问题,phone,high,2026-01-09
T0935,我通过在线客服反馈以下问题或建议：处理人员只发了一条短信就结束工单。,投诉建议,store,medium,2026-02-27
T0936,关于这个号码，我有以下需求：需要了解家庭套餐最多能绑定几个号码。需要准备什么材料？,套餐业务,phone,medium,2026-02-03
T0937,麻烦尽快查一下，宽带刚安装好却无法连接网络。,网络故障,phone,medium,2026-02-18
T0938,之前处理后短暂恢复，但现在又出现同样的问题：路由器重启后状态正常，网络仍未恢复。,网络故障,app,medium,2026-02-20
T0939,最近一周地铁换乘区域的信号特别差，麻烦尽快处理。,信号问题,store,high,2026-04-02
T0940,只有公司系统无法通过当前网络访问，一天内已经出现好几次。,网络故障,web,low,2026-01-27
T0941,在使用相关服务时，我注意到以下问题：师傅处理问题很敷衍，故障很快又出现。,投诉建议,store,medium,2026-06-25
T0942,最近使用需求发生了变化，因此平时用得少，想办理便宜一点的套餐。,套餐业务,phone,medium,2026-02-20
T0943,最近一周学校附近一大片区域信号都很弱，希望今天能处理好。,信号问题,web,high,2026-07-08
T0944,我想确认一下，想把孩子的号码加入家庭共享，请给出明确的办理建议或处理结果。,套餐业务,app,low,2026-02-22
T0945,处理人员只发了一条短信就结束工单，我已经沟通过几次但仍未解决。,投诉建议,phone,medium,2026-07-22
T0946,今天早上又出现这种情况：客服推荐业务时隐瞒了额外费用。我需要正式反馈。,投诉建议,web,high,2026-06-21
T0947,需要一个通话时间更多的套餐，办理后原有权益会怎么变化？,套餐业务,store,low,2026-05-19
T0948,这个月的话费比平时高了很多，麻烦说明原因和处理方式。,费用问题,app,medium,2026-01-12
T0949,我想确认一下，家里的宽带完全连不上网了，希望彻底解决，不要反复发生。,网络故障,phone,high,2026-03-22
T0950,宽带账户已经有余额却依旧断网，我重新连接网络并重启设备后仍然无效。,网络故障,phone,medium,2026-01-17
T0951,电视盒子突然无法使用网络，手机却正常，同一网络之前一直可以正常使用。,网络故障,app,medium,2026-07-01
T0952,请确认以下费用或账务问题的原因：想核对过去三个月的话费明细。,费用问题,store,medium,2026-04-12
T0953,账单里每一项费用的含义不清楚，麻烦说明原因和处理方式。,费用问题,store,medium,2026-06-24
T0954,号码被开通了不清楚的付费业务，过去几个月的账户记录一直比较正常。,费用问题,phone,high,2026-06-16
T0955,麻烦帮我看看，系统显示网络已连接但实际没有网，大概多久能修复？,网络故障,app,high,2026-03-12
T0956,在宿舍里手机几乎没有信号，重启手机并开关飞行模式后仍然没有改善。,信号问题,phone,high,2026-03-29
T0957,麻烦帮我看看，办公室内只能收到一格信号，是否需要重新设置网络？,信号问题,app,medium,2026-04-04
T0958,想知道号码是否还在最低消费期，这项操作通常什么时候生效？,套餐业务,phone,medium,2026-03-14
T0959,希望在大学城增加自助服务设备，希望尽快安排专人处理。,投诉建议,app,medium,2026-01-27
T0960,已经办理停机保号却继续产生套餐费，如果记录有误，请及时更正或退款。,费用问题,web,high,2026-01-29
T0961,办公室所在园区的信号覆盖很差，日常联系很不方便。,信号问题,app,high,2026-01-24
T0962,想咨询一下，新手机已经设置完成但移动网络不可用。,信号问题,app,high,2026-01-01
T0963,一到夜里宽带就频繁掉线，我重新连接网络并重启设备后仍然无效。,网络故障,app,high,2026-06-03
T0964,刚交的话费到现在还没到账，如果记录有误，请及时更正或退款。,费用问题,app,medium,2026-04-16
T0965,我目前使用的是原来的月套餐，现在有以下需求：当前套餐内容和使用习惯不匹配。,套餐业务,phone,medium,2026-03-03
T0966,5G 信号频繁在有和没有之间切换，同一位置其他人的情况没有这么严重。,信号问题,app,medium,2026-03-13
T0967,之前短暂恢复过，但现在又出现同样的问题：乘坐地铁时经常长时间无服务。,信号问题,web,high,2026-07-14
T0968,在玩游戏时，办理迁移后新地址一直不能上网。,网络故障,web,medium,2026-06-15
T0969,从周末开始开始就出现以下情况：车站客流大时手机经常断网。,信号问题,store,medium,2026-03-23
T0970,今天早上又出现这种情况：上门维修人员态度很不耐烦。我需要正式反馈。,投诉建议,app,medium,2026-05-17
T0971,请帮忙处理一下，这个月流量不够，想买临时流量包，请给出明确的办理建议或处理结果。,套餐业务,store,medium,2026-05-25
T0972,客服说会安排师傅，但一直没人处理，相关工单已经提交不止一次。,投诉建议,web,medium,2026-04-19
T0973,在玩游戏时，网络能用但云盘始终上传失败。,网络故障,web,low,2026-04-01
T0974,在家里需要走到窗边才能接电话，同一位置其他人的情况没有这么严重。,信号问题,app,high,2026-01-31
T0975,想保留号码但降低每个月的支出，请问应该在哪里办理或查询？,套餐业务,phone,low,2026-05-10
T0976,麻烦帮我看看，工作人员没有经过同意就取消了预约，请告知后续处理时限。,投诉建议,web,high,2026-07-02
T0977,我核对近期消费记录时发现我没有订购会员却被收了费用。,费用问题,store,medium,2026-01-24
T0978,请帮我确认以下网络问题的原因：同一条宽带到了晚上速度就下降很多。,网络故障,web,high,2026-05-13
T0979,需要给父母办理一个简单的套餐，是否需要支付额外费用？,套餐业务,app,medium,2026-07-16
T0980,刚刚再次遇到办理套餐时被默认勾选了增值服务，之前也发生过类似情况。,投诉建议,phone,high,2026-05-08
T0981,需要了解家庭套餐最多能绑定几个号码，想了解具体资费和生效时间。,套餐业务,web,low,2026-05-16
T0982,请帮忙处理一下，乘坐地铁时经常长时间无服务。,信号问题,store,high,2026-04-09
T0983,需要取消自动续订的套餐，请告知办理步骤和注意事项。,套餐业务,app,low,2026-06-16
T0984,我想确认一下，发现有一项彩铃服务一直在扣钱。,费用问题,phone,medium,2026-02-26
T0985,使用平板连接网络时出现以下情况：路由器重启后状态正常，网络仍未恢复。,网络故障,app,high,2026-03-07
T0986,最近多次出现以下问题：建议增加套餐费用的对比功能。,投诉建议,app,low,2026-02-13
T0987,账单中有两条金额相同的收费记录，如果记录有误，请及时更正或退款。,费用问题,phone,high,2026-02-03
T0988,想咨询一下，工作人员没有经过同意就取消了预约。,投诉建议,web,high,2026-07-13
T0989,5G 网络速度比 4G 还慢，我不确定是手机卡、设备还是基站的问题。,信号问题,phone,medium,2026-06-28
T0990,从最近一周开始就出现以下情况：刚补卡完成就收不到短信和电话。,信号问题,app,medium,2026-05-31
T0991,我想确认一下，备用卡正常使用，常用卡却收不到网络，希望优化这一带的信号覆盖。,信号问题,store,medium,2026-04-01
T0992,办理套餐时被默认勾选了增值服务，请记录处理过程并反馈最终结果。,投诉建议,phone,high,2026-03-07
T0993,网络从正常使用变成了完全不可用，请提供具体原因和排查办法。,网络故障,app,high,2026-02-06
T0994,最近一周在办公室发现打电话时声音总是断断续续。,信号问题,phone,high,2026-04-12
T0995,修改套餐后仍按以前的标准计费，我不确定当前号码是否符合办理资格。,套餐业务,app,medium,2026-07-20
T0996,从昨天开始我再次反馈以下问题或建议：扣费前没有发送清晰的提醒短信。,投诉建议,phone,low,2026-01-20
T0997,在家里需要走到窗边才能接电话，一天内已经影响了多次通话或上网。,信号问题,web,high,2026-04-01
T0998,需要一个适合经常看视频的套餐，办理后原有权益会怎么变化？,套餐业务,app,low,2026-03-05
T0999,请帮忙处理一下，维修预约变更时间没有告知我。,投诉建议,store,medium,2026-05-25
T1000,最近使用需求发生了变化，因此想把通话分钟换成更多流量。,套餐业务,phone,medium,2026-03-08
